id,stateId,name,code,createdAt
cd564d27-9ce0-40fd-bd45-f81f563b9be3,dfac0ba2-a282-4944-959f-8182e0933671,Arochukwu,ABI-ARO,"""2025-11-12T19:25:42.368Z"""
e2d7186f-1e51-4bd5-b1c8-f393d0808144,dfac0ba2-a282-4944-959f-8182e0933671,Bende,ABI-BEN,"""2025-11-12T19:25:42.470Z"""
dc3c8d86-a818-4a2b-a185-7f2a22d9b409,dfac0ba2-a282-4944-959f-8182e0933671,Ikwuano,ABI-IKW,"""2025-11-12T19:25:42.562Z"""
bcd87d75-b24f-4495-8299-c6b8f9889b1d,dfac0ba2-a282-4944-959f-8182e0933671,Isiala-Ngwa North,ABI-ISI,"""2025-11-12T19:25:42.654Z"""
e47a1c57-4861-4c06-982e-296056f0332a,dfac0ba2-a282-4944-959f-8182e0933671,Isiala-Ngwa South,ABI-ISIA,"""2025-11-12T19:25:42.745Z"""
9b7e9ab6-9c13-4898-94dc-c3e836f28dd2,dfac0ba2-a282-4944-959f-8182e0933671,Isiukwuato,ABI-ISIU,"""2025-11-12T19:25:42.837Z"""
54c5dedb-f2b2-4649-b1b0-811c3bde70d3,dfac0ba2-a282-4944-959f-8182e0933671,Obi Ngwa,ABI-OBI,"""2025-11-12T19:25:42.929Z"""
0c9e5330-7107-47a2-aed5-09eaa7935ae2,dfac0ba2-a282-4944-959f-8182e0933671,Ohafia,ABI-OHA,"""2025-11-12T19:25:43.021Z"""
cc04046d-138c-486f-9f68-b0c555256b7a,dfac0ba2-a282-4944-959f-8182e0933671,Osisioma Ngwa,ABI-OSI,"""2025-11-12T19:25:43.113Z"""
c3282bcf-af92-489a-9c7c-bfa603431bbe,dfac0ba2-a282-4944-959f-8182e0933671,Ugwunagbo,ABI-UGW,"""2025-11-12T19:25:43.205Z"""
65a066c9-31f9-4eb5-9a92-4db48a54ef2f,dfac0ba2-a282-4944-959f-8182e0933671,Ukwa East,ABI-UKW,"""2025-11-12T19:25:43.298Z"""
3943251a-ddd2-43fd-bb66-c9d604c71125,dfac0ba2-a282-4944-959f-8182e0933671,Ukwa West,ABI-UKWA,"""2025-11-12T19:25:43.392Z"""
3f31a26a-8317-4c83-9e47-2f33619906fc,dfac0ba2-a282-4944-959f-8182e0933671,Umu-Nneochi,ABI-UMU,"""2025-11-12T19:25:43.483Z"""
df4ad893-3b56-4e23-b099-9a019d5556fb,dfac0ba2-a282-4944-959f-8182e0933671,Umuahia South,ABI-UMUA,"""2025-11-12T19:25:43.621Z"""
3d44aa7d-0a9c-485f-9585-060660638433,6df5f9f6-5f56-40fa-9793-cdf37b2b0213,Abadam,BOR-ABA,"""2025-11-12T19:25:43.756Z"""
a67fc939-4048-4502-aa26-e99ad1b3c7d6,6df5f9f6-5f56-40fa-9793-cdf37b2b0213,Askira/Uba,BOR-ASK,"""2025-11-12T19:25:43.849Z"""
5e4f4a8c-2dd6-4d67-8567-c4e94dfe4052,6df5f9f6-5f56-40fa-9793-cdf37b2b0213,Bama,BOR-BAM,"""2025-11-12T19:25:43.939Z"""
1a0ff724-9f5b-45c3-819f-4bf3ba81f6be,6df5f9f6-5f56-40fa-9793-cdf37b2b0213,Bayo,BOR-BAY,"""2025-11-12T19:25:44.031Z"""
6c5d13e5-9c6c-4257-8156-c437e30f840c,6df5f9f6-5f56-40fa-9793-cdf37b2b0213,Biu,BOR-BIU,"""2025-11-12T19:25:44.124Z"""
da2f9e0a-f546-4dd5-91f9-9944e0339bae,6df5f9f6-5f56-40fa-9793-cdf37b2b0213,Chibok,BOR-CHI,"""2025-11-12T19:25:44.223Z"""
dc6088ae-895b-4aa5-b504-b28058d7a64a,6df5f9f6-5f56-40fa-9793-cdf37b2b0213,Damboa,BOR-DAM,"""2025-11-12T19:25:44.313Z"""
2f9fb7c4-4f24-4937-8f8e-31e5fee85624,6df5f9f6-5f56-40fa-9793-cdf37b2b0213,Dikwa,BOR-DIK,"""2025-11-12T19:25:44.406Z"""
6ef8c10f-baef-48da-8d9f-8d186afa947d,6df5f9f6-5f56-40fa-9793-cdf37b2b0213,Gubio,BOR-GUB,"""2025-11-12T19:25:44.496Z"""
edfc9c09-5b06-4fcf-8b62-9a252475eabe,6df5f9f6-5f56-40fa-9793-cdf37b2b0213,Guzamala,BOR-GUZ,"""2025-11-12T19:25:44.588Z"""
2778a698-246d-4118-8adb-36d2ceca879c,6df5f9f6-5f56-40fa-9793-cdf37b2b0213,Gwoza,BOR-GWO,"""2025-11-12T19:25:44.681Z"""
c7127c6a-cdc7-459b-b27a-e9c389affe3c,6df5f9f6-5f56-40fa-9793-cdf37b2b0213,Hawul,BOR-HAW,"""2025-11-12T19:25:44.772Z"""
eebf8613-3d8c-4414-86f3-1a0c0ba586e1,6df5f9f6-5f56-40fa-9793-cdf37b2b0213,Kaga,BOR-KAG,"""2025-11-12T19:25:44.908Z"""
0436fdc5-15f3-43ec-8118-80f1c4627ce8,6df5f9f6-5f56-40fa-9793-cdf37b2b0213,Kala/Balge,BOR-KAL,"""2025-11-12T19:25:45.000Z"""
854d294d-5267-4699-a26d-594aafb16892,6df5f9f6-5f56-40fa-9793-cdf37b2b0213,Kukawa,BOR-KUK,"""2025-11-12T19:25:45.143Z"""
909975c0-9017-4218-9cbd-71152ff395c7,6df5f9f6-5f56-40fa-9793-cdf37b2b0213,Kwaya Kusar,BOR-KWA,"""2025-11-12T19:25:45.234Z"""
d9ec29e4-69cd-403f-9cdc-b8fddba660aa,6df5f9f6-5f56-40fa-9793-cdf37b2b0213,Mafa,BOR-MAF,"""2025-11-12T19:25:45.322Z"""
912fe342-2b5b-48a6-9854-d67bdcad55a0,6df5f9f6-5f56-40fa-9793-cdf37b2b0213,Magumeri,BOR-MAG,"""2025-11-12T19:25:45.413Z"""
67c52cd5-0455-4900-8453-c1eb2685a980,6df5f9f6-5f56-40fa-9793-cdf37b2b0213,Marte,BOR-MAR,"""2025-11-12T19:25:45.550Z"""
cceb0d83-c7db-41f2-9f3d-b22a4b4e2a6a,6df5f9f6-5f56-40fa-9793-cdf37b2b0213,Mobbar,BOR-MOB,"""2025-11-12T19:25:45.643Z"""
46ef14f7-a2dc-418d-8fba-180a6dc1bf4d,6df5f9f6-5f56-40fa-9793-cdf37b2b0213,Monguno,BOR-MON,"""2025-11-12T19:25:45.733Z"""
ad77b7d3-40d0-4787-bdf0-83cbddfc6d0c,6df5f9f6-5f56-40fa-9793-cdf37b2b0213,Ngala,BOR-NGA,"""2025-11-12T19:25:45.824Z"""
f0c9c129-31f0-4690-9b15-51df5695dced,6df5f9f6-5f56-40fa-9793-cdf37b2b0213,Nganzai,BOR-NGAN,"""2025-11-12T19:25:45.915Z"""
81fb0e24-a667-4869-9ea6-84fd3f99a707,6df5f9f6-5f56-40fa-9793-cdf37b2b0213,Shani,BOR-SHA,"""2025-11-12T19:25:46.007Z"""
3241831c-66b0-4fe8-b671-a559e5cfa6af,cc9988f3-373e-44f2-b10a-33f22ad29a41,Abaji,FED-ABA,"""2025-11-12T19:25:46.148Z"""
9b87425c-2ba9-4dd0-b3e7-1a758aa3b827,cc9988f3-373e-44f2-b10a-33f22ad29a41,Abuja Municipal,FED-ABU,"""2025-11-12T19:25:46.239Z"""
8a3e2ce1-f654-4dd9-8ee5-34489095bab8,cc9988f3-373e-44f2-b10a-33f22ad29a41,Bwari,FED-BWA,"""2025-11-12T19:25:46.330Z"""
f22c5894-20aa-41d5-8136-45debab933f5,cc9988f3-373e-44f2-b10a-33f22ad29a41,Gwagwalada,FED-GWA,"""2025-11-12T19:25:46.421Z"""
4c65e2f1-8342-4798-bd44-83521a5678bc,cc9988f3-373e-44f2-b10a-33f22ad29a41,Kuje,FED-KUJ,"""2025-11-12T19:25:46.512Z"""
93dd7bb9-8638-4434-a91f-738403e1f0df,cc9988f3-373e-44f2-b10a-33f22ad29a41,Kwali,FED-KWA,"""2025-11-12T19:25:46.605Z"""
857d3a60-e4f0-46ee-8dbd-2a0eeeecafe6,f364fad7-e667-42af-a245-50e5eab0dcb8,Abak,AKW-ABA,"""2025-11-12T19:25:46.742Z"""
3152da9b-4b77-4359-91c2-aebef94c461d,47c85462-dff0-4fe0-b41b-26ff5e69d19b,Obia/Akpor,RIV-OBI,"""2025-11-12T19:26:22.673Z"""
ce41f567-3e0d-4756-8aaf-854f69b05d2c,47c85462-dff0-4fe0-b41b-26ff5e69d19b,Ogba/Egbema/Ndoni,RIV-OGB,"""2025-11-12T19:26:22.765Z"""
d9856069-8931-47b0-8a8f-c1131ef92ae3,47c85462-dff0-4fe0-b41b-26ff5e69d19b,Ogu/Bolo,RIV-OGU,"""2025-11-12T19:26:22.855Z"""
c6d0372b-70e1-45db-82aa-4462e2a54be8,47c85462-dff0-4fe0-b41b-26ff5e69d19b,Okrika,RIV-OKR,"""2025-11-12T19:26:22.954Z"""
13bf115f-da8c-4f2a-9da1-de2ad01ed6d6,47c85462-dff0-4fe0-b41b-26ff5e69d19b,Omumma,RIV-OMU,"""2025-11-12T19:26:23.046Z"""
d3b81b3d-5888-44b2-a5d4-59abfc95092a,47c85462-dff0-4fe0-b41b-26ff5e69d19b,Opobo/Nkoro,RIV-OPO,"""2025-11-12T19:26:23.135Z"""
19977f95-41ab-4363-854e-781d24363aff,47c85462-dff0-4fe0-b41b-26ff5e69d19b,Oyigbo,RIV-OYI,"""2025-11-12T19:26:23.226Z"""
b76bf8ab-69a8-4068-aca5-04fa658ac85d,47c85462-dff0-4fe0-b41b-26ff5e69d19b,Port-Harcourt,RIV-POR,"""2025-11-12T19:26:23.320Z"""
f1711cbd-0c20-42a5-a0a2-fa46e1205c77,47c85462-dff0-4fe0-b41b-26ff5e69d19b,Tai,RIV-TAI,"""2025-11-12T19:26:23.411Z"""
dd0382fc-59ae-4e1f-bcc2-2b6ca5b6038d,de62c792-05b2-4336-82af-35815fd0e403,Adavi,KOG-ADA,"""2025-11-12T19:26:23.547Z"""
a9474edf-c519-4988-a087-5babde3b0997,de62c792-05b2-4336-82af-35815fd0e403,Ajaokuta,KOG-AJA,"""2025-11-12T19:26:23.640Z"""
f107c7be-85e9-4afd-99a7-e011a7ba03f1,de62c792-05b2-4336-82af-35815fd0e403,Ankpa,KOG-ANK,"""2025-11-12T19:26:23.734Z"""
9a6426ca-ecd5-45ae-b8ee-425dd7601b1b,de62c792-05b2-4336-82af-35815fd0e403,Bassa,KOG-BAS,"""2025-11-12T19:26:23.825Z"""
7039e693-1a70-45bd-a75c-9159556e2d57,de62c792-05b2-4336-82af-35815fd0e403,Dekina,KOG-DEK,"""2025-11-12T19:26:23.917Z"""
291f1aea-d505-44fb-ae4f-6087b3a089b5,de62c792-05b2-4336-82af-35815fd0e403,Ibaji,KOG-IBA,"""2025-11-12T19:26:24.008Z"""
efb8d2ac-80d1-4db6-83a7-d03ecfcefc4f,de62c792-05b2-4336-82af-35815fd0e403,Igalamela-Odolu,KOG-IGA,"""2025-11-12T19:26:24.145Z"""
581c58d8-a184-4786-a604-42726db89797,de62c792-05b2-4336-82af-35815fd0e403,Ijumu,KOG-IJU,"""2025-11-12T19:26:24.235Z"""
5f43b6c3-e94b-4d2a-b51e-65b2194d0d98,f364fad7-e667-42af-a245-50e5eab0dcb8,Eastern Obolo,AKW-EAS,"""2025-11-12T19:26:11.856Z"""
aff1d9f5-ddaf-412f-86d2-62d1d80b3f69,f364fad7-e667-42af-a245-50e5eab0dcb8,Esit - Eket,AKW-ESI,"""2025-11-12T19:26:11.993Z"""
92bf3d78-360c-426d-a04f-906b6b5b94ca,f364fad7-e667-42af-a245-50e5eab0dcb8,Essien Udim,AKW-ESS,"""2025-11-12T19:26:12.085Z"""
2c9e65a0-0293-42fd-8cba-1724be9259b4,f364fad7-e667-42af-a245-50e5eab0dcb8,Etim Ekpo,AKW-ETI,"""2025-11-12T19:26:12.178Z"""
953fd46c-7e84-4e3e-9e81-836485a6cd84,f364fad7-e667-42af-a245-50e5eab0dcb8,Etinan,AKW-ETIN,"""2025-11-12T19:26:12.269Z"""
c7222ce8-add3-4a81-ab47-467b0ce0d991,f364fad7-e667-42af-a245-50e5eab0dcb8,Ibeno,AKW-IBE,"""2025-11-12T19:26:12.360Z"""
53a8f2e8-48f1-4735-9477-5feedc66da5b,f364fad7-e667-42af-a245-50e5eab0dcb8,Ibesikpo Asutan,AKW-IBES,"""2025-11-12T19:26:12.452Z"""
91d98863-b53e-45a3-8375-39eeb54b5f1f,f364fad7-e667-42af-a245-50e5eab0dcb8,Ibiono Ibom,AKW-IBI,"""2025-11-12T19:26:12.544Z"""
e1decb95-1513-4a91-8da2-8e3219bc9984,f364fad7-e667-42af-a245-50e5eab0dcb8,Ika,AKW-IKA,"""2025-11-12T19:26:12.635Z"""
ae99896f-3967-4c11-968e-06a03cb6dc16,f364fad7-e667-42af-a245-50e5eab0dcb8,Ikono,AKW-IKO,"""2025-11-12T19:26:12.727Z"""
b40285c6-3eee-44a5-afc0-63617c2603bf,f364fad7-e667-42af-a245-50e5eab0dcb8,Ikot Abasi,AKW-IKOT,"""2025-11-12T19:26:12.819Z"""
1cd2db19-0795-47f2-a455-0b4f002b1889,f364fad7-e667-42af-a245-50e5eab0dcb8,Ini,AKW-INI,"""2025-11-12T19:26:12.954Z"""
7556dacf-c37d-4d96-8093-8de4d7680a13,f364fad7-e667-42af-a245-50e5eab0dcb8,Itu,AKW-ITU,"""2025-11-12T19:26:13.045Z"""
475db8b1-f7cc-4aca-8a40-705edb08827e,f364fad7-e667-42af-a245-50e5eab0dcb8,Mbo,AKW-MBO,"""2025-11-12T19:26:13.138Z"""
170f883a-2722-4729-88e3-9c2aeaa24dbf,f364fad7-e667-42af-a245-50e5eab0dcb8,Mkpat Enin,AKW-MKP,"""2025-11-12T19:26:13.239Z"""
0426bdca-eb30-478d-9789-7586765efdc1,f364fad7-e667-42af-a245-50e5eab0dcb8,Nsit Atai,AKW-NSI,"""2025-11-12T19:26:13.331Z"""
28d04418-4b68-4750-af77-d157f33abfe5,f364fad7-e667-42af-a245-50e5eab0dcb8,Nsit Ibom,AKW-NSIT,"""2025-11-12T19:26:13.422Z"""
1c444ef2-bb0e-4d32-9e1b-4e8a1f487ef3,f364fad7-e667-42af-a245-50e5eab0dcb8,Nsit Ubium,AKW-NSIT1,"""2025-11-12T19:26:13.513Z"""
7a54ecd6-761d-41ad-a797-78b4008061e7,f364fad7-e667-42af-a245-50e5eab0dcb8,Obot Akara,AKW-OBO,"""2025-11-12T19:26:13.607Z"""
ffb612ea-d459-4c57-ba94-838f1171ecad,f364fad7-e667-42af-a245-50e5eab0dcb8,Okobo,AKW-OKO,"""2025-11-12T19:26:13.698Z"""
2e95f775-6a30-45df-aadf-1c162c3eaedb,f364fad7-e667-42af-a245-50e5eab0dcb8,Onna,AKW-ONN,"""2025-11-12T19:26:13.791Z"""
33b5a37c-5375-4eee-b2fb-857dc7899a13,f364fad7-e667-42af-a245-50e5eab0dcb8,Oron,AKW-ORO,"""2025-11-12T19:26:13.882Z"""
3361ebfd-a39b-47d4-951a-7fdcbd1d42c1,f364fad7-e667-42af-a245-50e5eab0dcb8,Oruk Anam,AKW-ORU,"""2025-11-12T19:26:13.974Z"""
57c63fb9-f5b1-4b8f-8579-58f92d4681b1,f364fad7-e667-42af-a245-50e5eab0dcb8,Udung Uko,AKW-UDU,"""2025-11-12T19:26:14.074Z"""
b146bd07-89f7-4f20-b60d-a0da02317508,f364fad7-e667-42af-a245-50e5eab0dcb8,Ukanafun,AKW-UKA,"""2025-11-12T19:26:14.168Z"""
a2127456-44f3-40b6-9bf5-22d597e6bc55,f364fad7-e667-42af-a245-50e5eab0dcb8,Uruan,AKW-URU,"""2025-11-12T19:26:14.259Z"""
6918eb52-bbcb-41cb-887b-2f12bdb1422e,f364fad7-e667-42af-a245-50e5eab0dcb8,Urue-Offong/Oruko,AKW-URUE,"""2025-11-12T19:26:14.350Z"""
9a7f063f-eb87-4f44-a4b0-457f0f22190d,7838b287-2639-47bc-b4ba-71ae5f8b40e4,Afikpo South,EBO-AFI,"""2025-11-12T19:26:14.625Z"""
028b8a1f-bd14-4989-996b-4c9976d61d74,7838b287-2639-47bc-b4ba-71ae5f8b40e4,Ebonyi,EBO-EBO,"""2025-11-12T19:26:14.717Z"""
7e9db0b2-e827-41ac-83a8-26b4c02e39f9,7838b287-2639-47bc-b4ba-71ae5f8b40e4,Ezza South,EBO-EZZ,"""2025-11-12T19:26:14.853Z"""
65d12982-e319-4930-a8df-47075e996028,7838b287-2639-47bc-b4ba-71ae5f8b40e4,Ikwo,EBO-IKW,"""2025-11-12T19:26:14.945Z"""
d7421238-c478-4b69-be57-87d578ff4205,7838b287-2639-47bc-b4ba-71ae5f8b40e4,Ishielu,EBO-ISH,"""2025-11-12T19:26:15.041Z"""
23a77f6a-b9dd-4e64-8252-1f3385837ab6,7838b287-2639-47bc-b4ba-71ae5f8b40e4,Ivo,EBO-IVO,"""2025-11-12T19:26:15.133Z"""
09d779a6-74dc-4476-9709-5719db3260f5,7838b287-2639-47bc-b4ba-71ae5f8b40e4,Izzi,EBO-IZZ,"""2025-11-12T19:26:15.226Z"""
938d2d89-5c28-41f0-a4be-8186703cc46f,7838b287-2639-47bc-b4ba-71ae5f8b40e4,Ohaozara,EBO-OHA,"""2025-11-12T19:26:15.316Z"""
1cbefc15-8626-4193-b2a3-a11872083358,7838b287-2639-47bc-b4ba-71ae5f8b40e4,Ohaukwu,EBO-OHAU,"""2025-11-12T19:26:15.413Z"""
98137c72-d56c-493b-a57d-4a2a8cacabf0,7838b287-2639-47bc-b4ba-71ae5f8b40e4,Onicha,EBO-ONI,"""2025-11-12T19:26:15.505Z"""
721b07bf-fecb-48ca-9304-7fac50804fd0,2cfabdcf-74bf-49ca-af9b-08258207558f,Ado-Odo/Ota,OGU-ADO,"""2025-11-12T19:26:15.735Z"""
269a0547-8605-4d37-9d32-ad9b55972681,2cfabdcf-74bf-49ca-af9b-08258207558f,Egbado North,OGU-EGB,"""2025-11-12T19:26:15.834Z"""
d56a4a76-3dc7-482a-8673-3c6e40830058,2cfabdcf-74bf-49ca-af9b-08258207558f,Egbado South,OGU-EGBA,"""2025-11-12T19:26:15.927Z"""
a1d4f061-ce43-4282-8202-b2bc5dadaec6,2cfabdcf-74bf-49ca-af9b-08258207558f,Ewekoro,OGU-EWE,"""2025-11-12T19:26:16.019Z"""
97184d40-4474-48c3-b4b7-36250fd85a59,2cfabdcf-74bf-49ca-af9b-08258207558f,Ijebu East,OGU-IJE,"""2025-11-12T19:26:16.155Z"""
f4b2370b-e7e1-4239-a401-7b56048d58ef,2cfabdcf-74bf-49ca-af9b-08258207558f,Ijebu North,OGU-IJEB,"""2025-11-12T19:26:16.248Z"""
a048ed45-39e1-4cfb-b961-762be43e3634,2cfabdcf-74bf-49ca-af9b-08258207558f,Ijebu North East,OGU-IJEB1,"""2025-11-12T19:26:16.339Z"""
b9437cc7-664b-4d97-a327-3053717a8410,2cfabdcf-74bf-49ca-af9b-08258207558f,Ijebu Ode,OGU-IJEB2,"""2025-11-12T19:26:16.431Z"""
5e4c0474-d2fa-4016-93c1-661656b4d94a,2cfabdcf-74bf-49ca-af9b-08258207558f,Ikenne,OGU-IKE,"""2025-11-12T19:26:16.522Z"""
9214a3b0-bd5b-492c-bc33-6e9310eb5618,2cfabdcf-74bf-49ca-af9b-08258207558f,Imeko-Afon,OGU-IME,"""2025-11-12T19:26:16.612Z"""
7bf7b4c9-f3f9-4a42-a13a-934084bcf4c3,2cfabdcf-74bf-49ca-af9b-08258207558f,Ipokia,OGU-IPO,"""2025-11-12T19:26:16.703Z"""
f2cc0eaa-7d99-445f-b4c9-6256b9a9b35b,2cfabdcf-74bf-49ca-af9b-08258207558f,Obafemi-Owode,OGU-OBA,"""2025-11-12T19:26:16.794Z"""
22f40d03-2474-4aad-8ffc-3953368858a7,2cfabdcf-74bf-49ca-af9b-08258207558f,Odeda,OGU-ODE,"""2025-11-12T19:26:16.886Z"""
2dc23eb8-08c5-4af7-ba44-b5b86cfaf3cb,2cfabdcf-74bf-49ca-af9b-08258207558f,Odogbolu,OGU-ODO,"""2025-11-12T19:26:16.980Z"""
7a7c03bc-b688-48fe-bd96-8e022563ed56,2cfabdcf-74bf-49ca-af9b-08258207558f,Ogun waterside,OGU-OGU,"""2025-11-12T19:26:17.072Z"""
437b8400-9cfd-4ceb-a191-186ca5b9550c,2cfabdcf-74bf-49ca-af9b-08258207558f,Remo North,OGU-REM,"""2025-11-12T19:26:17.166Z"""
39b812c9-c641-426e-b780-45fb895dc18c,2cfabdcf-74bf-49ca-af9b-08258207558f,Shagamu,OGU-SHA,"""2025-11-12T19:26:17.260Z"""
8dcfa634-95a3-4d01-8c18-44cab6a9489e,549f7989-f523-4207-997f-b74cfd7f12d1,Abi,CRO-ABI,"""2025-11-12T19:26:17.404Z"""
119cc6b5-d457-4ee0-8bc7-cf640c1de2bb,549f7989-f523-4207-997f-b74cfd7f12d1,Akamkpa,CRO-AKA,"""2025-11-12T19:26:17.497Z"""
fe9f8180-7c10-4db2-bc29-a0cec8e83f89,549f7989-f523-4207-997f-b74cfd7f12d1,Akpabuyo,CRO-AKP,"""2025-11-12T19:26:17.589Z"""
e149d377-5081-41dd-bfa8-d82061a4044e,549f7989-f523-4207-997f-b74cfd7f12d1,Bakassi,CRO-BAK,"""2025-11-12T19:26:17.680Z"""
45be2933-f5c7-4a40-89e4-f9a45760f24b,549f7989-f523-4207-997f-b74cfd7f12d1,Bekwara,CRO-BEK,"""2025-11-12T19:26:17.770Z"""
cbd61da2-0adb-4a62-b6d3-60eefb54bc42,549f7989-f523-4207-997f-b74cfd7f12d1,Biase,CRO-BIA,"""2025-11-12T19:26:17.862Z"""
d55418ee-6e16-4981-ad3b-bf00f6c2e958,549f7989-f523-4207-997f-b74cfd7f12d1,Boki,CRO-BOK,"""2025-11-12T19:26:17.955Z"""
5795b869-31ef-4e15-b62d-7714b6b27287,549f7989-f523-4207-997f-b74cfd7f12d1,Calabar-Municipal,CRO-CAL,"""2025-11-12T19:26:18.046Z"""
8e013f98-385f-4aa3-b8f9-cd92b2fa38fa,630a0133-5e3f-4b64-b33b-833971dad2a3,Alimosho,LAG-LGA01,"""2025-10-17T19:07:55.450Z"""
d84230bd-bdff-439f-b14c-597fc95dd67b,630a0133-5e3f-4b64-b33b-833971dad2a3,Ajeromi-Ifelodun,LAG-LGA02,"""2025-10-17T19:07:55.726Z"""
a124faef-022c-46fe-a3dd-120f5491ad07,630a0133-5e3f-4b64-b33b-833971dad2a3,Kosofe,LAG-LGA03,"""2025-10-17T19:07:55.953Z"""
c9a2cd99-81f4-4248-bba7-95de93f7192b,630a0133-5e3f-4b64-b33b-833971dad2a3,Mushin,LAG-LGA04,"""2025-10-17T19:07:56.181Z"""
0431ab5d-926d-4bfc-9a97-52d0f0c5daa3,630a0133-5e3f-4b64-b33b-833971dad2a3,Oshodi-Isolo,LAG-LGA05,"""2025-10-17T19:07:56.405Z"""
84baea19-b8e6-4569-9b21-ee6e96603bdc,630a0133-5e3f-4b64-b33b-833971dad2a3,Ojo,LAG-LGA06,"""2025-10-17T19:07:56.634Z"""
34f5687e-f251-4ef0-bbbf-bd329d620ec0,630a0133-5e3f-4b64-b33b-833971dad2a3,Ikorodu,LAG-LGA07,"""2025-10-17T19:07:56.858Z"""
c3d78836-a801-4a1e-823f-ff1f04087df3,630a0133-5e3f-4b64-b33b-833971dad2a3,Surulere,LAG-LGA08,"""2025-10-17T19:07:57.103Z"""
d427168d-9c9a-4286-beaf-bb17f02560cf,630a0133-5e3f-4b64-b33b-833971dad2a3,Agege,LAG-LGA09,"""2025-10-17T19:07:57.329Z"""
e4307817-507d-4a61-9cb2-93e3b20b8d69,630a0133-5e3f-4b64-b33b-833971dad2a3,Ifako-Ijaiye,LAG-LGA10,"""2025-10-17T19:07:57.556Z"""
5f0ebdc0-d95b-4446-9f28-72615f491f14,630a0133-5e3f-4b64-b33b-833971dad2a3,Somolu,LAG-LGA11,"""2025-10-17T19:07:57.780Z"""
f2555762-93de-4a37-bf25-f3c639473499,630a0133-5e3f-4b64-b33b-833971dad2a3,Amuwo-Odofin,LAG-LGA12,"""2025-10-17T19:07:58.008Z"""
741d008e-7aaa-452d-a6de-e3abde9e828d,630a0133-5e3f-4b64-b33b-833971dad2a3,Lagos Mainland,LAG-LGA13,"""2025-10-17T19:07:58.236Z"""
56cbb6ec-3763-4344-9a26-7d6f7dacfe08,630a0133-5e3f-4b64-b33b-833971dad2a3,Ikeja,LAG-LGA14,"""2025-10-17T19:07:58.464Z"""
512b0837-0a41-471a-b655-14f2ab2adea5,630a0133-5e3f-4b64-b33b-833971dad2a3,Eti-Osa,LAG-LGA15,"""2025-10-17T19:07:58.690Z"""
35a7c634-56ae-4a86-85e7-b14e75aa1428,630a0133-5e3f-4b64-b33b-833971dad2a3,Badagry,LAG-LGA16,"""2025-10-17T19:07:58.915Z"""
31d56b32-bfdc-4d56-ad90-8427287c9d0e,630a0133-5e3f-4b64-b33b-833971dad2a3,Apapa,LAG-LGA17,"""2025-10-17T19:07:59.142Z"""
ae9630f3-f319-45f3-a932-2178e6a4a4d2,630a0133-5e3f-4b64-b33b-833971dad2a3,Lagos Island,LAG-LGA18,"""2025-10-17T19:07:59.373Z"""
876d43c2-7499-4bd7-b99c-a77c551ac54d,630a0133-5e3f-4b64-b33b-833971dad2a3,Epe,LAG-LGA19,"""2025-10-17T19:07:59.607Z"""
cefeb0ae-fc62-43f2-a0d6-51c3fbf894a4,630a0133-5e3f-4b64-b33b-833971dad2a3,Ibeju-Lekki,LAG-LGA20,"""2025-10-17T19:07:59.834Z"""
d0bb567f-3bb4-4b4a-8775-41a28f5f2499,a4b78471-cc75-4459-9640-9e787ac7e2b3,Kano Municipal,KAN-LGA01,"""2025-10-17T19:08:00.105Z"""
24a197fc-fc90-448b-9f3e-e162e09b4be1,a4b78471-cc75-4459-9640-9e787ac7e2b3,Nassarawa,KAN-LGA02,"""2025-10-17T19:08:00.330Z"""
fa91bcb9-2bca-4d88-8a71-a95338b82576,a4b78471-cc75-4459-9640-9e787ac7e2b3,Tarauni,KAN-LGA03,"""2025-10-17T19:08:00.556Z"""
91d78181-1902-42e8-b9ed-e01f28741100,a4b78471-cc75-4459-9640-9e787ac7e2b3,Dala,KAN-LGA04,"""2025-10-17T19:08:00.736Z"""
09b54dbf-c2b1-4971-ae0e-d559394fc868,a4b78471-cc75-4459-9640-9e787ac7e2b3,Kumbotso,KAN-LGA05,"""2025-10-17T19:08:00.918Z"""
bdb09ddd-592e-47e4-aca9-d6c280023fe3,e4c7bf25-eab5-4471-9dd1-5b8a732f227d,Kaduna North,KAD-LGA01,"""2025-10-17T19:08:01.145Z"""
bd2d8528-2d96-4d74-b279-477d8f7df379,e4c7bf25-eab5-4471-9dd1-5b8a732f227d,Kaduna South,KAD-LGA02,"""2025-10-17T19:08:01.325Z"""
d177c9bb-a92b-486d-9e8b-86f1c752c988,e4c7bf25-eab5-4471-9dd1-5b8a732f227d,Chikun,KAD-LGA03,"""2025-10-17T19:08:01.506Z"""
e78df8fc-1f05-47ef-8b83-b2e6c82622e6,e4c7bf25-eab5-4471-9dd1-5b8a732f227d,Zaria,KAD-LGA04,"""2025-10-17T19:08:01.687Z"""
73599658-b708-43d9-b1f1-26e71aac4d98,47c85462-dff0-4fe0-b41b-26ff5e69d19b,Port Harcourt,RIV-LGA01,"""2025-10-17T19:08:01.912Z"""
305c3ce8-978c-4ae5-bd51-9ebc99aec64c,47c85462-dff0-4fe0-b41b-26ff5e69d19b,Obio-Akpor,RIV-LGA02,"""2025-10-17T19:08:02.145Z"""
ec9d0308-1c45-4cb7-9d9b-01acec086892,47c85462-dff0-4fe0-b41b-26ff5e69d19b,Eleme,RIV-LGA03,"""2025-10-17T19:08:02.325Z"""
99a6163a-ed0a-4f06-9be1-5d09175af361,47c85462-dff0-4fe0-b41b-26ff5e69d19b,Ikwerre,RIV-LGA04,"""2025-10-17T19:08:02.516Z"""
3a23cb0f-63ae-4c29-8584-3f205fc1d1d6,991fb7b0-5eea-467d-a6f9-1e1e2a6475ea,Abuja Municipal,ABU-LGA01,"""2025-10-17T19:08:02.742Z"""
7283ca71-223c-4215-958e-6f1d1599061e,991fb7b0-5eea-467d-a6f9-1e1e2a6475ea,Gwagwalada,ABU-LGA02,"""2025-10-17T19:08:02.971Z"""
d35da1fc-650b-4f53-b12c-70d43afd8ddc,991fb7b0-5eea-467d-a6f9-1e1e2a6475ea,Kuje,ABU-LGA03,"""2025-10-17T19:08:03.150Z"""
b295d51f-d94c-46e8-8224-1ca8f4df2828,991fb7b0-5eea-467d-a6f9-1e1e2a6475ea,Bwari,ABU-LGA04,"""2025-10-17T19:08:03.336Z"""
21a4c3d5-4749-47c7-89f9-f2bd3c755e6b,41f54fc8-0d9d-42e0-bde7-3892fe75ab65,Ibadan North,OYO-LGA01,"""2025-10-17T19:08:03.565Z"""
6100f770-5870-4c30-9d32-823814070755,41f54fc8-0d9d-42e0-bde7-3892fe75ab65,Ibadan South-West,OYO-LGA02,"""2025-10-17T19:08:03.744Z"""
98359cb1-6b32-422a-85ef-1cca0f7f5f8e,41f54fc8-0d9d-42e0-bde7-3892fe75ab65,Egbeda,OYO-LGA03,"""2025-10-17T19:08:03.925Z"""
76eb2540-4023-40b5-a46b-df4702f5df56,41f54fc8-0d9d-42e0-bde7-3892fe75ab65,Akinyele,OYO-LGA04,"""2025-10-17T19:08:04.107Z"""
d3281ff4-664b-42b5-8a99-9093f6266012,9a87b565-5e4c-4369-add1-61a81630ff5d,Warri South,DEL-LGA01,"""2025-10-17T19:08:04.331Z"""
d42f6a1f-5ecb-4058-8ce4-b7deab7dfcbf,9a87b565-5e4c-4369-add1-61a81630ff5d,Uvwie,DEL-LGA02,"""2025-10-17T19:08:04.512Z"""
58343c28-beaf-4540-b784-7b6d94743eaf,9a87b565-5e4c-4369-add1-61a81630ff5d,Oshimili South,DEL-LGA03,"""2025-10-17T19:08:04.695Z"""
07ae7b6a-4e17-4cba-bb3d-1205eaf94549,9a87b565-5e4c-4369-add1-61a81630ff5d,Sapele,DEL-LGA04,"""2025-10-17T19:08:04.887Z"""
d1c94a75-d9de-47dc-ad80-ba5525453689,584c5ba5-f405-4677-93b3-d7901f0be485,Awka North,ANA-LGA01,"""2025-10-17T19:08:05.114Z"""
1f80b2f6-3c08-42aa-8fc0-d848b32c6bf5,584c5ba5-f405-4677-93b3-d7901f0be485,Awka South,ANA-LGA02,"""2025-10-17T19:08:05.299Z"""
9db9efcd-4741-4a70-b12b-6315491635ba,584c5ba5-f405-4677-93b3-d7901f0be485,Onitsha North,ANA-LGA03,"""2025-10-17T19:08:05.478Z"""
94e1370c-335c-4e7d-a914-397303e4042f,584c5ba5-f405-4677-93b3-d7901f0be485,Onitsha South,ANA-LGA04,"""2025-10-17T19:08:05.659Z"""
e85bf320-ef5b-4951-865d-a157c4922d4d,2cfb838b-0dc8-42b5-9465-18c99844e48e,Katsina,KAT-LGA01,"""2025-10-17T19:08:05.884Z"""
c3ce7cec-3c4b-4bc1-bca0-050229550d02,2cfb838b-0dc8-42b5-9465-18c99844e48e,Funtua,KAT-LGA02,"""2025-10-17T19:08:06.065Z"""
5f5d9931-80d6-4e0e-8158-ff26eaa49142,2cfb838b-0dc8-42b5-9465-18c99844e48e,Daura,KAT-LGA03,"""2025-10-17T19:08:06.245Z"""
6089f7f1-ed32-4612-a965-006d81bf7eab,2cfb838b-0dc8-42b5-9465-18c99844e48e,Dutsin-Ma,KAT-LGA04,"""2025-10-17T19:08:06.424Z"""
cf5463a2-1f91-43fd-9fb9-5bf2fef5b51d,61914495-07a8-4860-b124-ec6331e48be3,Bauchi,BAU-LGA01,"""2025-10-17T19:08:06.655Z"""
3885f994-59d8-4fc0-a7b2-47a75d07479a,61914495-07a8-4860-b124-ec6331e48be3,Ningi,BAU-LGA02,"""2025-10-17T19:08:06.840Z"""
41892fbd-d928-4f6c-ad53-8cbc69524084,61914495-07a8-4860-b124-ec6331e48be3,Toro,BAU-LGA03,"""2025-10-17T19:08:07.020Z"""
0031bdd4-167c-4386-8b18-8328d7f64234,324b5cae-ea0a-4b80-a804-c7bc972a1e0e,Jos North,PLA-LGA01,"""2025-10-17T19:08:07.247Z"""
31ddb51d-a79e-427a-861f-1e2bed0d1798,324b5cae-ea0a-4b80-a804-c7bc972a1e0e,Jos South,PLA-LGA02,"""2025-10-17T19:08:07.428Z"""
90c6e08d-e582-459b-8afc-83aa2fe7370b,324b5cae-ea0a-4b80-a804-c7bc972a1e0e,Jos East,PLA-LGA03,"""2025-10-17T19:08:07.606Z"""
0c813eed-6573-4d4e-b9cd-41f4b1d97cc0,ad78d707-6373-4b64-9e4e-baac273b26b3,Owerri Municipal,IMO-LGA01,"""2025-10-17T19:08:07.835Z"""
1d2a79f9-b372-43b5-a5a9-852ee3890f00,ad78d707-6373-4b64-9e4e-baac273b26b3,Owerri North,IMO-LGA02,"""2025-10-17T19:08:08.021Z"""
a7695eb7-941b-4ab0-a973-fc7b2eb22990,ad78d707-6373-4b64-9e4e-baac273b26b3,Owerri West,IMO-LGA03,"""2025-10-17T19:08:08.205Z"""
f6854d6d-f617-4a66-a9e8-ba79664a2ed3,6df5f9f6-5f56-40fa-9793-cdf37b2b0213,Maiduguri,BOR-LGA01,"""2025-10-17T19:08:08.431Z"""
885ca680-5fe4-441a-9f31-4860fa9642a3,6df5f9f6-5f56-40fa-9793-cdf37b2b0213,Jere,BOR-LGA02,"""2025-10-17T19:08:08.610Z"""
d37bcefb-2363-499d-bbe6-ca5b689e989b,6df5f9f6-5f56-40fa-9793-cdf37b2b0213,Konduga,BOR-LGA03,"""2025-10-17T19:08:08.789Z"""
cc84f610-08a4-42e0-9ccd-233ee21872dc,f7cd16da-094b-4690-a2db-8674a477311f,Oredo,EDO-LGA01,"""2025-10-17T19:08:09.013Z"""
37ebf874-f708-4ed5-b91c-c2902a13a277,f7cd16da-094b-4690-a2db-8674a477311f,Ikpoba-Okha,EDO-LGA02,"""2025-10-17T19:08:09.197Z"""
805e0157-c939-4d2d-b2f4-93feda1a80a4,f7cd16da-094b-4690-a2db-8674a477311f,Egor,EDO-LGA03,"""2025-10-17T19:08:09.377Z"""
c7196041-9e7a-4b34-bfda-a87676a1773e,a629b035-b2e1-4bd6-9592-a192d10fd509,Enugu North,ENU-LGA01,"""2025-10-17T19:08:09.602Z"""
2fbfa163-163e-4517-b353-8f295eccba4f,a629b035-b2e1-4bd6-9592-a192d10fd509,Enugu South,ENU-LGA02,"""2025-10-17T19:08:09.782Z"""
889027d4-d0cf-4f59-82c6-0d5ed5ea55ba,a629b035-b2e1-4bd6-9592-a192d10fd509,Enugu East,ENU-LGA03,"""2025-10-17T19:08:09.964Z"""
55ad23d0-9952-4e6c-8fa3-4d7e7938f65d,607131b5-b6ca-4c9c-a2e3-4de0eef69eb1,Sokoto North,SOK-LGA01,"""2025-10-17T19:08:10.190Z"""
a50da7c5-8072-47bc-83cd-f00490c5c1ff,607131b5-b6ca-4c9c-a2e3-4de0eef69eb1,Sokoto South,SOK-LGA02,"""2025-10-17T19:08:10.370Z"""
ab096a71-87fc-48fd-8272-034659327aab,607131b5-b6ca-4c9c-a2e3-4de0eef69eb1,Wamako,SOK-LGA03,"""2025-10-17T19:08:10.550Z"""
3018d55d-9913-4682-a46a-745885cea42d,9c6ca48d-f36f-4e9f-9689-d7b248470365,Ilorin West,KWA-LGA01,"""2025-10-17T19:08:10.775Z"""
88bf831d-99c4-4c8b-b291-8c6dc3ed8952,9c6ca48d-f36f-4e9f-9689-d7b248470365,Ilorin East,KWA-LGA02,"""2025-10-17T19:08:10.956Z"""
82a00ae2-494a-4009-8f8b-ae6eaaded163,9c6ca48d-f36f-4e9f-9689-d7b248470365,Ilorin South,KWA-LGA03,"""2025-10-17T19:08:11.141Z"""
d16138a1-f8c8-4540-a108-630eb050ce34,b0913790-759e-46be-9e5f-90cc3c1ed2a8,Makurdi,BEN-LGA01,"""2025-10-17T19:08:11.367Z"""
e854ac8c-ba15-43db-ba7e-40202259d76b,b0913790-759e-46be-9e5f-90cc3c1ed2a8,Gboko,BEN-LGA02,"""2025-10-17T19:08:11.549Z"""
57c76f35-bddc-4bb4-a73d-cdaed3bbc243,b0913790-759e-46be-9e5f-90cc3c1ed2a8,Otukpo,BEN-LGA03,"""2025-10-17T19:08:11.733Z"""
6fad5c34-8caa-4e6d-a732-83e197c46b3c,aaa6b38e-1ea5-4e94-9b5f-ed04a953a48a,Minna,NIG-LGA01,"""2025-10-17T19:08:11.959Z"""
29120121-13cf-4036-8453-96abc3127f6e,aaa6b38e-1ea5-4e94-9b5f-ed04a953a48a,Suleja,NIG-LGA02,"""2025-10-17T19:08:12.140Z"""
59d4f484-cc2d-41dc-a2af-5fc90b0917a7,aaa6b38e-1ea5-4e94-9b5f-ed04a953a48a,Bida,NIG-LGA03,"""2025-10-17T19:08:12.325Z"""
1f2bf6f7-1675-4945-b4f9-3bfc98462de4,dfac0ba2-a282-4944-959f-8182e0933671,Aba North,ABI-LGA01,"""2025-10-17T19:08:12.556Z"""
fa56acdd-497c-4736-8ed5-8b399837003e,dfac0ba2-a282-4944-959f-8182e0933671,Aba South,ABI-LGA02,"""2025-10-17T19:08:12.746Z"""
0ba1e5d1-5f2e-40ed-8fc0-935c54b728c9,dfac0ba2-a282-4944-959f-8182e0933671,Umuahia North,ABI-LGA03,"""2025-10-17T19:08:12.924Z"""
994e0409-d743-41e1-ac0d-52ced2226248,f364fad7-e667-42af-a245-50e5eab0dcb8,Uyo,AKW-LGA01,"""2025-10-17T19:08:13.153Z"""
230b6c47-56a6-4d63-b6e0-f7a994c577a2,f364fad7-e667-42af-a245-50e5eab0dcb8,Eket,AKW-LGA02,"""2025-10-17T19:08:13.333Z"""
27be1c51-c2b8-46da-bcc2-e59b1a98b3c5,f364fad7-e667-42af-a245-50e5eab0dcb8,Ikot Ekpene,AKW-LGA03,"""2025-10-17T19:08:13.514Z"""
c8e802d6-a6e0-4160-9c32-1ff1821a3242,549f7989-f523-4207-997f-b74cfd7f12d1,Calabar Municipal,CRO-LGA01,"""2025-10-17T19:08:13.739Z"""
5c4bc790-a5aa-460c-ad42-22a8a99a6926,549f7989-f523-4207-997f-b74cfd7f12d1,Calabar South,CRO-LGA02,"""2025-10-17T19:08:13.924Z"""
e7707dcc-a3c6-4c76-aa3a-f39bd6953e83,549f7989-f523-4207-997f-b74cfd7f12d1,Ogoja,CRO-LGA03,"""2025-10-17T19:08:14.105Z"""
c3d0c268-a1b1-4701-86bc-64b7ad8e1219,7838b287-2639-47bc-b4ba-71ae5f8b40e4,Abakaliki,EBO-LGA01,"""2025-10-17T19:08:14.341Z"""
b24028ff-3163-4be5-9292-ad7c8cd524aa,7838b287-2639-47bc-b4ba-71ae5f8b40e4,Afikpo North,EBO-LGA02,"""2025-10-17T19:08:14.523Z"""
ac4b2190-4909-45df-a697-55644f032dec,7838b287-2639-47bc-b4ba-71ae5f8b40e4,Ezza North,EBO-LGA03,"""2025-10-17T19:08:14.733Z"""
edabcf87-b9b0-449f-ac8b-ba34165f5ea3,222e751a-506f-41b5-b774-c1682c9a62ad,Gombe,GOM-LGA01,"""2025-10-17T19:08:14.964Z"""
d59e8954-aff0-4b19-93db-ecc9ecab78b6,222e751a-506f-41b5-b774-c1682c9a62ad,Akko,GOM-LGA02,"""2025-10-17T19:08:15.143Z"""
5eca471a-d579-424d-b45c-c54894b0fc49,222e751a-506f-41b5-b774-c1682c9a62ad,Billiri,GOM-LGA03,"""2025-10-17T19:08:15.322Z"""
327f282c-3e5f-4425-ad3e-a520243b38b2,ca19fb07-c29e-40ac-aeb2-28f1ca0417f2,Dutse,JIG-LGA01,"""2025-10-17T19:08:15.554Z"""
b4c44927-b8fc-4247-b433-14a6a747fe8e,ca19fb07-c29e-40ac-aeb2-28f1ca0417f2,Hadejia,JIG-LGA02,"""2025-10-17T19:08:15.734Z"""
7bf9df4e-3778-43a1-9d84-aec0d6b4f74e,ca19fb07-c29e-40ac-aeb2-28f1ca0417f2,Gumel,JIG-LGA03,"""2025-10-17T19:08:15.914Z"""
f040c3d1-e501-4a07-a79c-f6bf8fb400f2,bd686873-234d-4a07-bc88-fbcf6994d3ba,Birnin Kebbi,KEB-LGA01,"""2025-10-17T19:08:16.137Z"""
d2d142b2-811c-43e4-8e18-88e97ddace73,bd686873-234d-4a07-bc88-fbcf6994d3ba,Argungu,KEB-LGA02,"""2025-10-17T19:08:16.317Z"""
ad2375b9-f813-4641-b99c-56227ec23866,bd686873-234d-4a07-bc88-fbcf6994d3ba,Yauri,KEB-LGA03,"""2025-10-17T19:08:16.499Z"""
691f423c-afb9-45a4-9b7c-eee2fcba87d5,de62c792-05b2-4336-82af-35815fd0e403,Lokoja,KOG-LGA01,"""2025-10-17T19:08:16.728Z"""
eed9223a-7098-4574-9f1e-edf3daad340b,de62c792-05b2-4336-82af-35815fd0e403,Okene,KOG-LGA02,"""2025-10-17T19:08:16.908Z"""
f5b9bb62-5282-4797-ba42-cc2578a5f1bd,de62c792-05b2-4336-82af-35815fd0e403,Idah,KOG-LGA03,"""2025-10-17T19:08:17.086Z"""
820c3668-8708-46e3-a156-8c830c2997ef,bb5e9476-7838-442f-9b90-8ef5e1481e81,Lafia,NAS-LGA01,"""2025-10-17T19:08:17.308Z"""
32c96856-430d-463a-96a3-4411b96e28a6,bb5e9476-7838-442f-9b90-8ef5e1481e81,Keffi,NAS-LGA02,"""2025-10-17T19:08:17.487Z"""
2b4f5fb7-2f0a-4098-857a-2c0f25f0b9b2,bb5e9476-7838-442f-9b90-8ef5e1481e81,Akwanga,NAS-LGA03,"""2025-10-17T19:08:17.671Z"""
8d7b9098-1f84-4684-992d-03702d79e03b,2cfabdcf-74bf-49ca-af9b-08258207558f,Abeokuta North,OGU-LGA01,"""2025-10-17T19:08:17.911Z"""
acbd77df-b967-4823-b1d9-50e1159128e3,2cfabdcf-74bf-49ca-af9b-08258207558f,Abeokuta South,OGU-LGA02,"""2025-10-17T19:08:18.095Z"""
a1295e9e-b48a-4e51-9baf-2b892e2f6bd4,2cfabdcf-74bf-49ca-af9b-08258207558f,Ifo,OGU-LGA03,"""2025-10-17T19:08:18.275Z"""
a0fb8d3c-269a-49b4-8e1f-6495b5fc16df,2cfabdcf-74bf-49ca-af9b-08258207558f,Sagamu,OGU-LGA04,"""2025-10-17T19:08:18.457Z"""
a6fd97c8-be08-4167-a00f-fac74ce0501e,8e197436-5c58-49c9-bf0e-21b2fb09a5a7,Akure South,OND-LGA01,"""2025-10-17T19:08:18.686Z"""
6def3048-a2ff-4eaf-b83e-cd6084c5acc1,8e197436-5c58-49c9-bf0e-21b2fb09a5a7,Akure North,OND-LGA02,"""2025-10-17T19:08:18.868Z"""
603f3302-486e-418e-a0e4-610ad5e78043,8e197436-5c58-49c9-bf0e-21b2fb09a5a7,Ondo West,OND-LGA03,"""2025-10-17T19:08:19.048Z"""
c4576daa-7fc3-48bf-b947-d51994dd21cc,13e00786-8b42-4618-8843-f0e184e1e877,Osogbo,OSU-LGA01,"""2025-10-17T19:08:19.273Z"""
bbe136fc-2583-4e5e-95c8-d63355acf81b,13e00786-8b42-4618-8843-f0e184e1e877,Ife Central,OSU-LGA02,"""2025-10-17T19:08:19.453Z"""
e38f138e-d438-48b8-9972-363263b1fcd1,13e00786-8b42-4618-8843-f0e184e1e877,Ilesa East,OSU-LGA03,"""2025-10-17T19:08:19.634Z"""
bf96e70c-b2a4-4f8e-942b-37de28514d75,de14d0b3-64f3-49dd-b229-a6bcb3b97968,Jalingo,TAR-LGA01,"""2025-10-17T19:08:19.860Z"""
b7c8b21b-40c5-49ad-83a7-f2e7d6a40d73,de14d0b3-64f3-49dd-b229-a6bcb3b97968,Wukari,TAR-LGA02,"""2025-10-17T19:08:20.040Z"""
100f5f1d-07e4-41c3-93d0-fd4e6d24b437,de14d0b3-64f3-49dd-b229-a6bcb3b97968,Bali,TAR-LGA03,"""2025-10-17T19:08:20.220Z"""
eafc3a08-c73e-41ce-a632-bd21e42360b3,bb52bc76-56c3-4f4f-b0b8-420781a7a1df,Damaturu,YOB-LGA01,"""2025-10-17T19:08:20.446Z"""
38452cb7-49e7-4d16-a762-70c01606153d,bb52bc76-56c3-4f4f-b0b8-420781a7a1df,Potiskum,YOB-LGA02,"""2025-10-17T19:08:20.627Z"""
24673219-9ef9-448e-9305-0c4d91f066e8,bb52bc76-56c3-4f4f-b0b8-420781a7a1df,Gashua,YOB-LGA03,"""2025-10-17T19:08:20.814Z"""
4bd1e770-b9bc-49ea-afc2-f2a2be2513a5,71db8410-4949-492e-8cb0-1ac42ab97fa8,Gusau,ZAM-LGA01,"""2025-10-17T19:08:21.044Z"""
4ff9fbfc-509b-4369-98b1-54833a669b36,71db8410-4949-492e-8cb0-1ac42ab97fa8,Talata Mafara,ZAM-LGA02,"""2025-10-17T19:08:21.225Z"""
f97ea139-942c-4302-8245-2ccd3c20efb9,71db8410-4949-492e-8cb0-1ac42ab97fa8,Bungudu,ZAM-LGA03,"""2025-10-17T19:08:21.405Z"""
c823f6d7-3b4b-492c-a854-0b28c846d637,744acf2a-539c-4def-9a48-e788e719b82a,Yola North,ADA-LGA01,"""2025-10-17T19:08:21.629Z"""
8217d18f-ea7e-4e9c-8b97-67c144595f5a,744acf2a-539c-4def-9a48-e788e719b82a,Yola South,ADA-LGA02,"""2025-10-17T19:08:21.810Z"""
bcd2b45d-a623-44c1-9e8e-fbffb97d402f,744acf2a-539c-4def-9a48-e788e719b82a,Mubi North,ADA-LGA03,"""2025-10-17T19:08:21.990Z"""
6f4b0302-93ad-4bae-81f3-52f27aa9a807,a21ce9b4-add7-4326-aac4-0308d9eaaa01,Yenagoa,BAY-LGA01,"""2025-10-17T19:08:22.224Z"""
b9a72057-bcff-43ba-b601-90ccdd767c67,a21ce9b4-add7-4326-aac4-0308d9eaaa01,Sagbama,BAY-LGA02,"""2025-10-17T19:08:22.403Z"""
b3674461-9c1b-4397-a6f1-e5566672a5ed,a21ce9b4-add7-4326-aac4-0308d9eaaa01,Brass,BAY-LGA03,"""2025-10-17T19:08:22.583Z"""
420a8b03-a7ec-46c3-b28d-05942d3c6214,bea258de-dacd-4fd4-bb3d-3ce368f1abd8,Ado-Ekiti,EKI-LGA01,"""2025-10-17T19:08:22.808Z"""
d576a7a7-81f2-4ab3-8c5d-5213609f7c88,bea258de-dacd-4fd4-bb3d-3ce368f1abd8,Ikere,EKI-LGA02,"""2025-10-17T19:08:22.989Z"""
ad9ecb21-4f06-4571-9036-c40916572814,bea258de-dacd-4fd4-bb3d-3ce368f1abd8,Ijero,EKI-LGA03,"""2025-10-17T19:08:23.180Z"""
cd8c1095-1641-4def-868c-6e09239f4a43,549f7989-f523-4207-997f-b74cfd7f12d1,Etung,CRO-ETU,"""2025-11-12T19:26:18.183Z"""
f8b425d6-0937-4fe4-bbf4-928dce77a143,549f7989-f523-4207-997f-b74cfd7f12d1,Ikom,CRO-IKO,"""2025-11-12T19:26:18.274Z"""
e3393d44-3e70-4434-9b41-aae410e60b4e,549f7989-f523-4207-997f-b74cfd7f12d1,Obanliku,CRO-OBA,"""2025-11-12T19:26:18.372Z"""
cad91e0a-806a-4891-84c2-1d17d9c6d04d,549f7989-f523-4207-997f-b74cfd7f12d1,Obubra,CRO-OBU,"""2025-11-12T19:26:18.465Z"""
f1ebaa73-eb72-4439-95b8-3662aaf8426e,549f7989-f523-4207-997f-b74cfd7f12d1,Obudu,CRO-OBUD,"""2025-11-12T19:26:18.555Z"""
f93c837a-e060-42fe-925d-b8b9df206bf4,549f7989-f523-4207-997f-b74cfd7f12d1,Odukpani,CRO-ODU,"""2025-11-12T19:26:18.645Z"""
fb597e46-83a7-40e6-b71a-5291a5985441,549f7989-f523-4207-997f-b74cfd7f12d1,Yakurr,CRO-YAK,"""2025-11-12T19:26:18.785Z"""
60e171e2-bcde-450a-bf1b-e1b222f08c94,549f7989-f523-4207-997f-b74cfd7f12d1,Yala,CRO-YAL,"""2025-11-12T19:26:18.880Z"""
e2d605f1-8562-4b27-9fc6-cfb8d21105c2,ad78d707-6373-4b64-9e4e-baac273b26b3,Aboh-Mbaise,IMO-ABO,"""2025-11-12T19:26:19.018Z"""
48a5d5d0-794a-4b01-846d-a7f9c0a60506,ad78d707-6373-4b64-9e4e-baac273b26b3,Ahiazu-Mbaise,IMO-AHI,"""2025-11-12T19:26:19.110Z"""
ae82765e-58ed-44e7-8c51-653b4545f3e3,ad78d707-6373-4b64-9e4e-baac273b26b3,Ehime-Mbano,IMO-EHI,"""2025-11-12T19:26:19.202Z"""
e1250d1f-bc79-4e7e-9484-b69a6866e9f8,ad78d707-6373-4b64-9e4e-baac273b26b3,Ezinihitte,IMO-EZI,"""2025-11-12T19:26:19.296Z"""
b8db9351-daa0-4902-8ee9-e9f747807fbb,ad78d707-6373-4b64-9e4e-baac273b26b3,Ideato North,IMO-IDE,"""2025-11-12T19:26:19.388Z"""
9f02e7d3-99da-4dee-bf32-3aa200bd4f79,ad78d707-6373-4b64-9e4e-baac273b26b3,Ideato South,IMO-IDEA,"""2025-11-12T19:26:19.480Z"""
798cff05-4684-439f-aa76-ced84e9701d4,ad78d707-6373-4b64-9e4e-baac273b26b3,Ihitte/Uboma,IMO-IHI,"""2025-11-12T19:26:19.570Z"""
570d7cd3-69c6-474e-b9a3-48f0dde8b06e,ad78d707-6373-4b64-9e4e-baac273b26b3,Ikeduru,IMO-IKE,"""2025-11-12T19:26:19.661Z"""
50590d28-eaff-40c8-a9ac-a62126107d19,ad78d707-6373-4b64-9e4e-baac273b26b3,Isiala Mbano,IMO-ISI,"""2025-11-12T19:26:19.753Z"""
1f47541f-eeec-4ca8-9433-b890966656dd,ad78d707-6373-4b64-9e4e-baac273b26b3,Isu,IMO-ISU,"""2025-11-12T19:26:19.846Z"""
18c71d80-3961-43fe-ba2b-979078fd1c14,ad78d707-6373-4b64-9e4e-baac273b26b3,Mbaitoli,IMO-MBA,"""2025-11-12T19:26:19.939Z"""
0df82c99-fe46-49b3-ac61-7cfe8cf625af,ad78d707-6373-4b64-9e4e-baac273b26b3,Ngor-Okpala,IMO-NGO,"""2025-11-12T19:26:20.034Z"""
7c1ca9cc-a30a-47b1-91f5-4afe3bea992f,ad78d707-6373-4b64-9e4e-baac273b26b3,Njaba,IMO-NJA,"""2025-11-12T19:26:20.126Z"""
db8de4cf-69d8-4c1c-9760-7fcdea81af4c,ad78d707-6373-4b64-9e4e-baac273b26b3,Nkwerre,IMO-NKW,"""2025-11-12T19:26:20.216Z"""
aeedf7df-62da-409a-a846-1ac88a7fa299,ad78d707-6373-4b64-9e4e-baac273b26b3,Nwangele,IMO-NWA,"""2025-11-12T19:26:20.307Z"""
260ffae6-8759-4ada-b735-bd429fa4ad04,ad78d707-6373-4b64-9e4e-baac273b26b3,Obowo,IMO-OBO,"""2025-11-12T19:26:20.410Z"""
7d33271d-3603-4a9f-b7e2-d318e400e3d5,ad78d707-6373-4b64-9e4e-baac273b26b3,Oguta,IMO-OGU,"""2025-11-12T19:26:20.502Z"""
f0c1004c-f5cc-4f5e-a96d-60cb22189aa7,ad78d707-6373-4b64-9e4e-baac273b26b3,Ohaji/Egbema,IMO-OHA,"""2025-11-12T19:26:20.594Z"""
d9b5d59c-5de8-4bfc-8b8f-f48620255ae6,ad78d707-6373-4b64-9e4e-baac273b26b3,Okigwe,IMO-OKI,"""2025-11-12T19:26:20.689Z"""
aa24443f-22e3-438b-9d2b-9b8ecb29e895,ad78d707-6373-4b64-9e4e-baac273b26b3,Orlu,IMO-ORL,"""2025-11-12T19:26:20.779Z"""
dd6706cf-40a8-422c-8974-62ecce2c4502,ad78d707-6373-4b64-9e4e-baac273b26b3,Orsu,IMO-ORS,"""2025-11-12T19:26:20.869Z"""
5dd589f9-ba1f-47a2-941b-f771f671dfcd,ad78d707-6373-4b64-9e4e-baac273b26b3,Oru East,IMO-ORU,"""2025-11-12T19:26:20.962Z"""
c865cb2a-aed8-4d1a-b528-f9ddbf62cd1b,ad78d707-6373-4b64-9e4e-baac273b26b3,Oru West,IMO-ORUW,"""2025-11-12T19:26:21.054Z"""
f6604e24-69f0-43b0-b3c1-94fa9d013947,ad78d707-6373-4b64-9e4e-baac273b26b3,Owerri-Municipal,IMO-OWE,"""2025-11-12T19:26:21.154Z"""
1197d299-007e-4fad-b30b-7b37dc0001bf,ad78d707-6373-4b64-9e4e-baac273b26b3,Unuimo,IMO-UNU,"""2025-11-12T19:26:21.338Z"""
6cbbf7f2-3af5-4b51-b962-bd68f191385a,47c85462-dff0-4fe0-b41b-26ff5e69d19b,Abua/Odual,RIV-ABU,"""2025-11-12T19:26:21.477Z"""
eec636df-1020-4290-8844-fd4c0357b5d5,47c85462-dff0-4fe0-b41b-26ff5e69d19b,Ahoada East,RIV-AHO,"""2025-11-12T19:26:21.572Z"""
7901c70b-c4e3-4ce2-87ac-7da3d5299da9,47c85462-dff0-4fe0-b41b-26ff5e69d19b,Ahoada West,RIV-AHOA,"""2025-11-12T19:26:21.663Z"""
5e1d4871-8d2d-4ca7-8773-d70bc40e9207,47c85462-dff0-4fe0-b41b-26ff5e69d19b,Akuku Toru,RIV-AKU,"""2025-11-12T19:26:21.756Z"""
041cd0fe-5e95-4eff-97c7-e70148325998,47c85462-dff0-4fe0-b41b-26ff5e69d19b,Andoni,RIV-AND,"""2025-11-12T19:26:21.849Z"""
83679a48-4571-4e59-b414-a28b26b43101,47c85462-dff0-4fe0-b41b-26ff5e69d19b,Asari-Toru,RIV-ASA,"""2025-11-12T19:26:21.940Z"""
fc6e2544-cd7a-475b-8d01-ec18033902be,47c85462-dff0-4fe0-b41b-26ff5e69d19b,Bonny,RIV-BON,"""2025-11-12T19:26:22.033Z"""
54a10e78-c3e9-4393-8ebe-8178c92e7724,47c85462-dff0-4fe0-b41b-26ff5e69d19b,Degema,RIV-DEG,"""2025-11-12T19:26:22.125Z"""
b9d29c05-e49a-4fe3-9a71-588606c8a5e0,47c85462-dff0-4fe0-b41b-26ff5e69d19b,Emohua,RIV-EMO,"""2025-11-12T19:26:22.265Z"""
2dcaa0a1-f9cd-4c05-863d-dc4b0e8bb355,47c85462-dff0-4fe0-b41b-26ff5e69d19b,Etche,RIV-ETC,"""2025-11-12T19:26:22.355Z"""
596b7fe4-9d52-440a-866e-ca90ed02d834,47c85462-dff0-4fe0-b41b-26ff5e69d19b,Gokana,RIV-GOK,"""2025-11-12T19:26:22.445Z"""
5fccc239-92ce-4797-8687-7d0d9e0dce23,47c85462-dff0-4fe0-b41b-26ff5e69d19b,Khana,RIV-KHA,"""2025-11-12T19:26:22.583Z"""
5c0081df-b44d-49f6-9f46-991df53508d4,de62c792-05b2-4336-82af-35815fd0e403,Kabba/Bunu,KOG-KAB,"""2025-11-12T19:26:24.329Z"""
694a56f1-921e-4048-873d-8b149ebfc758,de62c792-05b2-4336-82af-35815fd0e403,Kogi,KOG-KOG,"""2025-11-12T19:26:24.423Z"""
87fc2a81-4c43-4e5e-94cf-079b92040638,de62c792-05b2-4336-82af-35815fd0e403,Mopa-Muro,KOG-MOP,"""2025-11-12T19:26:24.559Z"""
f471eee8-592a-449b-bee7-b6ea0c5de59c,de62c792-05b2-4336-82af-35815fd0e403,Ofu,KOG-OFU,"""2025-11-12T19:26:24.650Z"""
4b0c0f80-001e-4eab-a906-4e4f602def98,de62c792-05b2-4336-82af-35815fd0e403,Ogori/Magongo,KOG-OGO,"""2025-11-12T19:26:24.742Z"""
4fb5b0b7-355f-41ac-a451-ddd139cdc321,de62c792-05b2-4336-82af-35815fd0e403,Okehi,KOG-OKE,"""2025-11-12T19:26:24.832Z"""
2d94f79c-07e5-40f0-9af4-137d4cbadbb0,de62c792-05b2-4336-82af-35815fd0e403,Olamabolo,KOG-OLA,"""2025-11-12T19:26:24.970Z"""
6848dceb-3827-43c1-8dea-0a6af71214b7,de62c792-05b2-4336-82af-35815fd0e403,Omala,KOG-OMA,"""2025-11-12T19:26:25.061Z"""
15c93b36-ffed-4948-a0c5-796327ae6aeb,de62c792-05b2-4336-82af-35815fd0e403,Yagba East,KOG-YAG,"""2025-11-12T19:26:25.155Z"""
e1d5775a-4c32-452a-af69-e2109ca5e002,de62c792-05b2-4336-82af-35815fd0e403,Yagba West,KOG-YAGB,"""2025-11-12T19:26:25.248Z"""
d62439df-becf-4105-badb-8667f5dc1174,b0913790-759e-46be-9e5f-90cc3c1ed2a8,Ado,BEN-ADO,"""2025-11-12T19:26:25.383Z"""
d4a37ec4-3b6d-4cb5-8f10-99eed997b655,b0913790-759e-46be-9e5f-90cc3c1ed2a8,Agatu,BEN-AGA,"""2025-11-12T19:26:25.476Z"""
901d5e18-a1f4-45ba-8c2a-40e20d219eb2,b0913790-759e-46be-9e5f-90cc3c1ed2a8,Apa,BEN-APA,"""2025-11-12T19:26:25.568Z"""
65f5bbfd-18ce-406c-8592-fb6230324c16,b0913790-759e-46be-9e5f-90cc3c1ed2a8,Buruku,BEN-BUR,"""2025-11-12T19:26:25.659Z"""
7b90ed63-31af-4ca6-9db8-1ffcd47bc1f3,b0913790-759e-46be-9e5f-90cc3c1ed2a8,Guma,BEN-GUM,"""2025-11-12T19:26:25.800Z"""
5a6ec3fd-f4b4-48c1-ab17-b27d0774fc2e,b0913790-759e-46be-9e5f-90cc3c1ed2a8,Gwer East,BEN-GWE,"""2025-11-12T19:26:25.890Z"""
fb4b139f-7a39-4bb4-aa1c-ec68ffce7e5b,b0913790-759e-46be-9e5f-90cc3c1ed2a8,Gwer West,BEN-GWER,"""2025-11-12T19:26:25.983Z"""
c51fc45f-b2fc-464c-8ac0-b1e81c680cb4,b0913790-759e-46be-9e5f-90cc3c1ed2a8,Katsina-Ala,BEN-KAT,"""2025-11-12T19:26:26.075Z"""
921ec892-f6f5-4a98-a0c0-9386afeb0613,b0913790-759e-46be-9e5f-90cc3c1ed2a8,Konshisha,BEN-KON,"""2025-11-12T19:26:26.166Z"""
93e79788-ac68-469c-b0a2-b9e656fa4083,b0913790-759e-46be-9e5f-90cc3c1ed2a8,Kwande,BEN-KWA,"""2025-11-12T19:26:26.259Z"""
c16c7d4b-36e3-4775-982e-ad5896a7f62e,b0913790-759e-46be-9e5f-90cc3c1ed2a8,Logo,BEN-LOG,"""2025-11-12T19:26:26.354Z"""
32bf5784-3136-4a1f-bdea-01d41de47a03,b0913790-759e-46be-9e5f-90cc3c1ed2a8,Obi,BEN-OBI,"""2025-11-12T19:26:26.496Z"""
fd9b2185-168f-4f04-92c2-2553e46f956d,b0913790-759e-46be-9e5f-90cc3c1ed2a8,Ogbadibo,BEN-OGB,"""2025-11-12T19:26:26.588Z"""
8bd28c4c-ae35-411f-bacf-317bc35fda1c,b0913790-759e-46be-9e5f-90cc3c1ed2a8,Ohimini,BEN-OHI,"""2025-11-12T19:26:26.680Z"""
e2107c8c-3bf4-4bc0-8f8a-52e6540d9244,b0913790-759e-46be-9e5f-90cc3c1ed2a8,Oju,BEN-OJU,"""2025-11-12T19:26:26.771Z"""
78170dea-6ef4-449c-9b36-5ee804b3cd5c,b0913790-759e-46be-9e5f-90cc3c1ed2a8,Okpokwu,BEN-OKP,"""2025-11-12T19:26:26.863Z"""
f65c729e-2146-4b54-814c-da9cf247b866,b0913790-759e-46be-9e5f-90cc3c1ed2a8,Oturkpo,BEN-OTU,"""2025-11-12T19:26:26.953Z"""
31355c87-20c1-4d99-8491-1faa8520e6cf,b0913790-759e-46be-9e5f-90cc3c1ed2a8,Tarka,BEN-TAR,"""2025-11-12T19:26:27.045Z"""
73414961-4f25-4837-8089-109282aa91cc,b0913790-759e-46be-9e5f-90cc3c1ed2a8,Ukum,BEN-UKU,"""2025-11-12T19:26:27.136Z"""
45b0a3fb-7f7c-4edc-9e3c-be7102772add,b0913790-759e-46be-9e5f-90cc3c1ed2a8,Ushongo,BEN-USH,"""2025-11-12T19:26:27.227Z"""
c7d87676-ed8e-4c97-ade4-36e66064b8b4,b0913790-759e-46be-9e5f-90cc3c1ed2a8,Vandeikya,BEN-VAN,"""2025-11-12T19:26:27.319Z"""
72af71a2-a8a4-46e7-b58b-e69561ee79ce,bea258de-dacd-4fd4-bb3d-3ce368f1abd8,Ado Ekiti,EKI-ADO,"""2025-11-12T19:26:27.456Z"""
c6dc35d3-3e67-4108-b4ae-a9b912669858,bea258de-dacd-4fd4-bb3d-3ce368f1abd8,Aiyekire (Gbonyin),EKI-AIY,"""2025-11-12T19:26:27.548Z"""
2180acce-bab7-490c-a671-6b9f2de8c7d6,bea258de-dacd-4fd4-bb3d-3ce368f1abd8,Efon,EKI-EFO,"""2025-11-12T19:26:27.639Z"""
31b7452f-1487-465a-9265-498634d6b311,bea258de-dacd-4fd4-bb3d-3ce368f1abd8,Ekiti East,EKI-EKI,"""2025-11-12T19:26:27.731Z"""
095745b0-bfcf-459c-ade6-dfa7fdce2eec,bea258de-dacd-4fd4-bb3d-3ce368f1abd8,Ekiti South West,EKI-EKIT,"""2025-11-12T19:26:27.825Z"""
74ab66d1-7b62-40ee-b1a8-b2a984b238a2,bea258de-dacd-4fd4-bb3d-3ce368f1abd8,Ekiti West,EKI-EKIT1,"""2025-11-12T19:26:27.917Z"""
e1057b76-b2bf-4efe-8800-627b67ccdd3d,bea258de-dacd-4fd4-bb3d-3ce368f1abd8,Emure,EKI-EMU,"""2025-11-12T19:26:28.010Z"""
4ca214c3-79da-4248-9054-21baed4f1b20,bea258de-dacd-4fd4-bb3d-3ce368f1abd8,Ido-Osi,EKI-IDO,"""2025-11-12T19:26:28.101Z"""
a55008f0-ff61-4a53-a1a1-a1f6e415ba71,bea258de-dacd-4fd4-bb3d-3ce368f1abd8,Ikole,EKI-IKO,"""2025-11-12T19:26:28.282Z"""
adda190e-60fe-4d3e-b978-245b6b0fb8dc,bea258de-dacd-4fd4-bb3d-3ce368f1abd8,Ilejemeji,EKI-ILE,"""2025-11-12T19:26:28.375Z"""
f95a370b-dcba-467a-9d6c-6980890928c7,bea258de-dacd-4fd4-bb3d-3ce368f1abd8,Irepodun/Ifelodun,EKI-IRE,"""2025-11-12T19:26:28.473Z"""
31ae958b-48d9-46f0-bbfc-b6944c7a229a,bea258de-dacd-4fd4-bb3d-3ce368f1abd8,Ise/Orun,EKI-ISE,"""2025-11-12T19:26:28.568Z"""
d8b43720-3e20-4437-aece-621b1251b637,bea258de-dacd-4fd4-bb3d-3ce368f1abd8,Moba,EKI-MOB,"""2025-11-12T19:26:28.660Z"""
859e63bf-7fbc-4e37-bebc-b989f07d4ef8,bea258de-dacd-4fd4-bb3d-3ce368f1abd8,Oye,EKI-OYE,"""2025-11-12T19:26:28.750Z"""
a1811e89-7856-4af8-9fc8-e75f6c9d33e3,41f54fc8-0d9d-42e0-bde7-3892fe75ab65,Afijio,OYO-AFI,"""2025-11-12T19:26:28.886Z"""
8385291e-4e34-427d-bb84-3f4ecc13a5be,41f54fc8-0d9d-42e0-bde7-3892fe75ab65,Atiba,OYO-ATI,"""2025-11-12T19:26:29.023Z"""
00b18c3e-ad32-4a3c-8882-83054fd65c6f,41f54fc8-0d9d-42e0-bde7-3892fe75ab65,Atigbo,OYO-ATIG,"""2025-11-12T19:26:29.114Z"""
a0afb9ce-9d1a-470c-88c2-8c978077abbb,41f54fc8-0d9d-42e0-bde7-3892fe75ab65,Ibadan North East,OYO-IBA,"""2025-11-12T19:26:29.295Z"""
23a67fb8-e593-49c0-befb-b191a4a53763,41f54fc8-0d9d-42e0-bde7-3892fe75ab65,Ibadan North West,OYO-IBAD,"""2025-11-12T19:26:29.387Z"""
cdef1df9-a6e1-4d37-95e1-854a954882a4,41f54fc8-0d9d-42e0-bde7-3892fe75ab65,Ibadan South East,OYO-IBAD1,"""2025-11-12T19:26:29.479Z"""
849c984e-8b15-4d0a-aa49-0aa88081a701,41f54fc8-0d9d-42e0-bde7-3892fe75ab65,Ibadan South West,OYO-IBAD2,"""2025-11-12T19:26:29.569Z"""
c4c45f4b-7483-4851-abec-2a9ad6bde1ef,41f54fc8-0d9d-42e0-bde7-3892fe75ab65,Ibarapa Central,OYO-IBAR,"""2025-11-12T19:26:29.666Z"""
35c90822-a54a-49d8-b00b-3c68fda9e2ca,41f54fc8-0d9d-42e0-bde7-3892fe75ab65,Ibarapa East,OYO-IBAR1,"""2025-11-12T19:26:29.756Z"""
52ecdb8d-6e4a-4eb1-8573-fcce445de3cd,41f54fc8-0d9d-42e0-bde7-3892fe75ab65,Ibarapa North,OYO-IBAR2,"""2025-11-12T19:26:29.847Z"""
7cc74639-37af-4afa-944f-dce99bd318cd,41f54fc8-0d9d-42e0-bde7-3892fe75ab65,Ido,OYO-IDO,"""2025-11-12T19:26:29.939Z"""
46f46a49-c763-4087-9915-4f7dd6bd2477,41f54fc8-0d9d-42e0-bde7-3892fe75ab65,Irepo,OYO-IRE,"""2025-11-12T19:26:30.032Z"""
ad2e927b-a954-4927-bb23-ef3c89ca7624,41f54fc8-0d9d-42e0-bde7-3892fe75ab65,Iseyin,OYO-ISE,"""2025-11-12T19:26:30.124Z"""
83a290c4-f906-4ddc-a5df-1cf42cf8bc06,41f54fc8-0d9d-42e0-bde7-3892fe75ab65,Itesiwaju,OYO-ITE,"""2025-11-12T19:26:30.215Z"""
b1273965-ab6e-47a8-9622-1db2e0eed1db,41f54fc8-0d9d-42e0-bde7-3892fe75ab65,Iwajowa,OYO-IWA,"""2025-11-12T19:26:30.307Z"""
019d0188-3688-4b70-9e71-b902063629c5,41f54fc8-0d9d-42e0-bde7-3892fe75ab65,Kajola,OYO-KAJ,"""2025-11-12T19:26:30.398Z"""
99d2ee20-1c1b-483a-8b04-e4355f68cddb,41f54fc8-0d9d-42e0-bde7-3892fe75ab65,Lagelu,OYO-LAG,"""2025-11-12T19:26:30.491Z"""
5db6e681-23f3-4299-b75c-b6a34170cd66,41f54fc8-0d9d-42e0-bde7-3892fe75ab65,Ogbomosho North,OYO-OGB,"""2025-11-12T19:26:30.584Z"""
f0c39ac3-b197-47e6-b950-80ea5b4c40c0,41f54fc8-0d9d-42e0-bde7-3892fe75ab65,Ogbomosho South,OYO-OGBO,"""2025-11-12T19:26:30.676Z"""
b3ca90b7-cb0b-4554-8d65-08a6928e5998,41f54fc8-0d9d-42e0-bde7-3892fe75ab65,Ogo Oluwa,OYO-OGO,"""2025-11-12T19:26:30.767Z"""
a3bfdc91-ba90-46cc-bce3-abea3bec21a8,41f54fc8-0d9d-42e0-bde7-3892fe75ab65,Olorunsogo,OYO-OLO,"""2025-11-12T19:26:30.859Z"""
31fdbf0a-24d5-4153-bdaf-e862b827bc01,41f54fc8-0d9d-42e0-bde7-3892fe75ab65,Oluyole,OYO-OLU,"""2025-11-12T19:26:30.950Z"""
021c1871-57b5-4cca-8c31-57fc6bcbfc82,41f54fc8-0d9d-42e0-bde7-3892fe75ab65,Ona-Ara,OYO-ONA,"""2025-11-12T19:26:31.043Z"""
f880a725-f5d8-448c-8d94-e32c0673e352,41f54fc8-0d9d-42e0-bde7-3892fe75ab65,Orelope,OYO-ORE,"""2025-11-12T19:26:31.134Z"""
02d6a69f-dac3-4571-826f-cf85e75ad5ed,41f54fc8-0d9d-42e0-bde7-3892fe75ab65,Ori Ire,OYO-ORI,"""2025-11-12T19:26:31.225Z"""
86e4e1fc-4b6c-4c26-b08a-90ced4372b31,41f54fc8-0d9d-42e0-bde7-3892fe75ab65,Oyo East,OYO-OYO,"""2025-11-12T19:26:31.318Z"""
c0d4cb2b-607c-43d6-a2b0-c0cb9a70a81c,41f54fc8-0d9d-42e0-bde7-3892fe75ab65,Oyo West,OYO-OYOW,"""2025-11-12T19:26:31.409Z"""
22f5b1b7-2295-4239-b0a1-04f4fa22f22c,41f54fc8-0d9d-42e0-bde7-3892fe75ab65,Saki East,OYO-SAK,"""2025-11-12T19:26:31.503Z"""
fe51c509-d143-4ec2-8a67-a5a216f7c8d2,41f54fc8-0d9d-42e0-bde7-3892fe75ab65,Saki West,OYO-SAKI,"""2025-11-12T19:26:31.596Z"""
e46caeae-081e-433b-9755-f02818b16830,41f54fc8-0d9d-42e0-bde7-3892fe75ab65,Surulere,OYO-SUR,"""2025-11-12T19:26:31.690Z"""
6881e8ad-41a4-4ad4-82fa-5b1f471a4b1e,aaa6b38e-1ea5-4e94-9b5f-ed04a953a48a,Agaie,NIG-AGA,"""2025-11-12T19:26:31.827Z"""
574b8d17-6dd0-466f-bf49-685e95e3b2ba,aaa6b38e-1ea5-4e94-9b5f-ed04a953a48a,Agwara,NIG-AGW,"""2025-11-12T19:26:31.918Z"""
440ef135-9284-457b-a604-e3cc23e282d3,aaa6b38e-1ea5-4e94-9b5f-ed04a953a48a,Borgu,NIG-BOR,"""2025-11-12T19:26:32.064Z"""
45aee415-97af-41f1-b425-ea197008e691,aaa6b38e-1ea5-4e94-9b5f-ed04a953a48a,Bosso,NIG-BOS,"""2025-11-12T19:26:32.156Z"""
44515c79-fb66-4295-a6bc-dae5d80245ac,aaa6b38e-1ea5-4e94-9b5f-ed04a953a48a,Chanchaga,NIG-CHA,"""2025-11-12T19:26:32.246Z"""
cbe7ba04-160b-4578-be27-1e6ac4c1118e,aaa6b38e-1ea5-4e94-9b5f-ed04a953a48a,Edati,NIG-EDA,"""2025-11-12T19:26:32.338Z"""
cfa2278a-a5f0-472a-a4ad-b4db28078288,aaa6b38e-1ea5-4e94-9b5f-ed04a953a48a,Gbako,NIG-GBA,"""2025-11-12T19:26:32.430Z"""
f3bfc6b0-9fe4-4ffe-b436-67d6e88cb287,aaa6b38e-1ea5-4e94-9b5f-ed04a953a48a,Gurara,NIG-GUR,"""2025-11-12T19:26:32.521Z"""
88caa1aa-b8b2-4fab-b290-6a7148d1807b,aaa6b38e-1ea5-4e94-9b5f-ed04a953a48a,Katcha,NIG-KAT,"""2025-11-12T19:26:32.613Z"""
e0059770-35ec-4aae-976f-06c8525ba6a6,aaa6b38e-1ea5-4e94-9b5f-ed04a953a48a,Kontagora,NIG-KON,"""2025-11-12T19:26:32.704Z"""
8148d3da-16c8-45ba-8e8e-2689a919282c,aaa6b38e-1ea5-4e94-9b5f-ed04a953a48a,Lapai,NIG-LAP,"""2025-11-12T19:26:32.796Z"""
bc0d1863-ae3c-45f7-aab9-fb4e1a6daaa4,aaa6b38e-1ea5-4e94-9b5f-ed04a953a48a,Lavun,NIG-LAV,"""2025-11-12T19:26:32.894Z"""
f7b1fbae-6d8f-4bd2-9cba-a715297bfff8,aaa6b38e-1ea5-4e94-9b5f-ed04a953a48a,Magama,NIG-MAG,"""2025-11-12T19:26:32.987Z"""
b38ca0c6-f6bf-4790-9758-585312bcc619,aaa6b38e-1ea5-4e94-9b5f-ed04a953a48a,Mariga,NIG-MAR,"""2025-11-12T19:26:33.079Z"""
1d5bc73e-707c-4575-a9ed-668212ec9708,aaa6b38e-1ea5-4e94-9b5f-ed04a953a48a,Mashegu,NIG-MAS,"""2025-11-12T19:26:33.171Z"""
0c2cab2d-549b-4c54-9774-ebf0296b4f13,aaa6b38e-1ea5-4e94-9b5f-ed04a953a48a,Mokwa,NIG-MOK,"""2025-11-12T19:26:33.262Z"""
42941f49-6cb1-4938-babb-10a3efac32d0,aaa6b38e-1ea5-4e94-9b5f-ed04a953a48a,Muya,NIG-MUY,"""2025-11-12T19:26:33.361Z"""
893195c5-e44d-4d31-97ff-191e7d2db7ad,aaa6b38e-1ea5-4e94-9b5f-ed04a953a48a,Paikoro,NIG-PAI,"""2025-11-12T19:26:33.453Z"""
25c255db-87c2-40f7-8e71-d6ce95deddf1,aaa6b38e-1ea5-4e94-9b5f-ed04a953a48a,Rafi,NIG-RAF,"""2025-11-12T19:26:33.545Z"""
c3a8f0f8-d848-4f7b-929a-27948a27f5e8,aaa6b38e-1ea5-4e94-9b5f-ed04a953a48a,Rijau,NIG-RIJ,"""2025-11-12T19:26:33.635Z"""
afc80f3e-2173-48ac-b687-2d32f3e4edca,aaa6b38e-1ea5-4e94-9b5f-ed04a953a48a,Shiroro,NIG-SHI,"""2025-11-12T19:26:33.727Z"""
1ef5aecf-b1c7-439b-9088-4f7cd82cdab0,aaa6b38e-1ea5-4e94-9b5f-ed04a953a48a,Tafa,NIG-TAF,"""2025-11-12T19:26:33.866Z"""
90db4108-724d-4b94-8745-6fe66e56978a,aaa6b38e-1ea5-4e94-9b5f-ed04a953a48a,Wushishi,NIG-WUS,"""2025-11-12T19:26:33.969Z"""
b2bba91e-5eac-480f-bad5-18bccbe419a9,630a0133-5e3f-4b64-b33b-833971dad2a3,Ibeju/Lekki,LAG-IBE,"""2025-11-12T19:26:34.481Z"""
d00ad02d-0364-493b-bc9e-a5e99f988c0b,630a0133-5e3f-4b64-b33b-833971dad2a3,Ifako-Ijaye,LAG-IFA,"""2025-11-12T19:26:34.575Z"""
3a55ff66-4df5-4abe-a9df-6bf03876a962,630a0133-5e3f-4b64-b33b-833971dad2a3,Shomolu,LAG-SHO,"""2025-11-12T19:26:35.036Z"""
b8bee9a0-d984-4cf5-9e3a-a5a9a70457fb,584c5ba5-f405-4677-93b3-d7901f0be485,Aguata,ANA-AGU,"""2025-11-12T19:26:35.219Z"""
b831581c-e2b5-401a-96fe-47cb0cba6b04,584c5ba5-f405-4677-93b3-d7901f0be485,Anambra East,ANA-ANA,"""2025-11-12T19:26:35.308Z"""
3c209e61-0355-4fed-80f2-2c9adb45f530,584c5ba5-f405-4677-93b3-d7901f0be485,Anambra West,ANA-ANAM,"""2025-11-12T19:26:35.399Z"""
cb896163-3735-4b0c-8582-6a5315319298,584c5ba5-f405-4677-93b3-d7901f0be485,Anaocha,ANA-ANAO,"""2025-11-12T19:26:35.492Z"""
8900515e-73b3-449d-a045-df145dc985ec,584c5ba5-f405-4677-93b3-d7901f0be485,Ayamelum,ANA-AYA,"""2025-11-12T19:26:35.673Z"""
df89f1ed-34ef-4709-8edf-8c7cbef42270,584c5ba5-f405-4677-93b3-d7901f0be485,Dunukofia,ANA-DUN,"""2025-11-12T19:26:35.763Z"""
08dc0839-3566-477d-ae59-5e24a27fe7b8,584c5ba5-f405-4677-93b3-d7901f0be485,Ekwusigo,ANA-EKW,"""2025-11-12T19:26:35.857Z"""
d99419c0-213c-4e32-b06b-ba647b03fd7d,584c5ba5-f405-4677-93b3-d7901f0be485,Idemili North,ANA-IDE,"""2025-11-12T19:26:35.948Z"""
fe76b423-7768-4bab-9a00-3f1147642324,584c5ba5-f405-4677-93b3-d7901f0be485,Idemili South,ANA-IDEM,"""2025-11-12T19:26:36.040Z"""
dd722e3d-164c-4123-bbb3-b58460b80b3c,584c5ba5-f405-4677-93b3-d7901f0be485,Ihiala,ANA-IHI,"""2025-11-12T19:26:36.139Z"""
b745db00-7c5c-4460-b45a-e96faa44b99b,584c5ba5-f405-4677-93b3-d7901f0be485,Njikoka,ANA-NJI,"""2025-11-12T19:26:36.231Z"""
371cba39-ecac-46b1-acba-03d949843060,584c5ba5-f405-4677-93b3-d7901f0be485,Nnewi North,ANA-NNE,"""2025-11-12T19:26:36.323Z"""
3e4332a8-415b-4cd8-aeef-9cf08ccb26d0,584c5ba5-f405-4677-93b3-d7901f0be485,Nnewi South,ANA-NNEW,"""2025-11-12T19:26:36.416Z"""
63d3e8fe-29ad-4424-bc8f-e2581eaefd1e,584c5ba5-f405-4677-93b3-d7901f0be485,Ogbaru,ANA-OGB,"""2025-11-12T19:26:36.508Z"""
82637d21-d9ad-455c-8968-c7078fcf9d9e,584c5ba5-f405-4677-93b3-d7901f0be485,Orumba North,ANA-ORU,"""2025-11-12T19:26:36.687Z"""
ba479a85-5964-44ef-93f5-09c23892e046,584c5ba5-f405-4677-93b3-d7901f0be485,Orumba South,ANA-ORUM,"""2025-11-12T19:26:36.777Z"""
1c2cd12e-0f71-4f36-ba46-3727befd0f52,584c5ba5-f405-4677-93b3-d7901f0be485,Oyi,ANA-OYI,"""2025-11-12T19:26:36.870Z"""
9ec584b4-3ad9-4a1c-a87b-c783bdbd25c9,13e00786-8b42-4618-8843-f0e184e1e877,Aiyedade,OSU-AIY,"""2025-11-12T19:26:37.009Z"""
12e9abd6-0d5b-4136-93ef-c71029e1ad97,13e00786-8b42-4618-8843-f0e184e1e877,Aiyedire,OSU-AIYE,"""2025-11-12T19:26:37.107Z"""
0f613778-69f6-4d1d-82ab-6d9c26e3a073,13e00786-8b42-4618-8843-f0e184e1e877,Atakumosa East,OSU-ATA,"""2025-11-12T19:26:37.198Z"""
bbd10f61-562a-4729-bfa5-03017aa81f54,13e00786-8b42-4618-8843-f0e184e1e877,Atakumosa West,OSU-ATAK,"""2025-11-12T19:26:37.290Z"""
a5985afb-c615-4483-bf6d-8d145bb1efd4,13e00786-8b42-4618-8843-f0e184e1e877,Boluwaduro,OSU-BOL,"""2025-11-12T19:26:37.384Z"""
baa64b8d-7d61-4eed-a18e-22c4d66ef5ce,13e00786-8b42-4618-8843-f0e184e1e877,Boripe,OSU-BOR,"""2025-11-12T19:26:37.477Z"""
f49017d6-4639-425a-8437-37f9a5ebc0f4,13e00786-8b42-4618-8843-f0e184e1e877,Ede North,OSU-EDE,"""2025-11-12T19:26:37.568Z"""
b76cf3c3-21ef-4021-92e6-676fcedb5fe3,13e00786-8b42-4618-8843-f0e184e1e877,Ede South,OSU-EDES,"""2025-11-12T19:26:37.660Z"""
a529aa27-3272-4e44-bf3a-478812a60163,13e00786-8b42-4618-8843-f0e184e1e877,Egbedore,OSU-EGB,"""2025-11-12T19:26:37.751Z"""
748519ce-0bc1-4d19-ba2c-ad9010c9f99f,13e00786-8b42-4618-8843-f0e184e1e877,Ejigbo,OSU-EJI,"""2025-11-12T19:26:37.847Z"""
0cebd7b0-e6ca-4847-847e-898718c77d93,13e00786-8b42-4618-8843-f0e184e1e877,Ife East,OSU-IFE,"""2025-11-12T19:26:37.986Z"""
0bd1dfe6-8aaa-4523-b3b3-2cde03cf6162,13e00786-8b42-4618-8843-f0e184e1e877,Ife North,OSU-IFEN,"""2025-11-12T19:26:38.077Z"""
d495f364-c3d8-450b-a0f9-987041f82216,13e00786-8b42-4618-8843-f0e184e1e877,Ife South,OSU-IFES,"""2025-11-12T19:26:38.169Z"""
ebf19bc6-b401-494e-b1cb-d18f7609c48f,13e00786-8b42-4618-8843-f0e184e1e877,Ifedayo,OSU-IFED,"""2025-11-12T19:26:38.261Z"""
73818f3a-15ae-48bc-b7d7-40d32b456305,13e00786-8b42-4618-8843-f0e184e1e877,Ifelodun,OSU-IFEL,"""2025-11-12T19:26:38.354Z"""
a6b2a754-ccfb-4979-9da2-9d5dfb0b1595,13e00786-8b42-4618-8843-f0e184e1e877,Ila,OSU-ILA,"""2025-11-12T19:26:38.444Z"""
9d5c17c3-dc6c-4321-947c-781396bd1c6e,13e00786-8b42-4618-8843-f0e184e1e877,Ilesha East,OSU-ILE,"""2025-11-12T19:26:38.534Z"""
89119f28-40a1-4b44-8ed8-252a3b241fc2,13e00786-8b42-4618-8843-f0e184e1e877,Ilesha West,OSU-ILES,"""2025-11-12T19:26:38.625Z"""
3fb0d294-d555-4554-9ae5-ef653a1c0eb6,13e00786-8b42-4618-8843-f0e184e1e877,Irepodun,OSU-IRE,"""2025-11-12T19:26:38.717Z"""
9230cb39-1112-4fd4-87d8-b29cf3bb58e6,13e00786-8b42-4618-8843-f0e184e1e877,Irewole,OSU-IREW,"""2025-11-12T19:26:38.808Z"""
85cfcb36-6597-4c3f-ae36-e75bf6dab73e,13e00786-8b42-4618-8843-f0e184e1e877,Isokan,OSU-ISO,"""2025-11-12T19:26:38.899Z"""
8fb85521-296f-42fa-bee1-58485e31ee00,13e00786-8b42-4618-8843-f0e184e1e877,Iwo,OSU-IWO,"""2025-11-12T19:26:38.991Z"""
d04167b1-c0c0-4696-be5e-1d7126cc4c5e,13e00786-8b42-4618-8843-f0e184e1e877,Obokun,OSU-OBO,"""2025-11-12T19:26:39.082Z"""
1ef76193-46cc-42b0-a799-c3b2774f4cf2,13e00786-8b42-4618-8843-f0e184e1e877,Odo-Otin,OSU-ODO,"""2025-11-12T19:26:39.172Z"""
80e9c8bb-0301-444d-a0a1-70c2b2905136,13e00786-8b42-4618-8843-f0e184e1e877,Ola-oluwa,OSU-OLA,"""2025-11-12T19:26:39.264Z"""
d0270bfb-720c-4fd0-ac2c-f3ac5bfaefd6,13e00786-8b42-4618-8843-f0e184e1e877,Olorunda,OSU-OLO,"""2025-11-12T19:26:39.359Z"""
e9872d2f-342d-4062-a78b-b91ab6f7f779,13e00786-8b42-4618-8843-f0e184e1e877,Oriade,OSU-ORI,"""2025-11-12T19:26:39.452Z"""
3d75ea94-b6ab-476a-9406-33cb957f4b83,13e00786-8b42-4618-8843-f0e184e1e877,Orolu,OSU-ORO,"""2025-11-12T19:26:39.543Z"""
a1c23c89-df81-47b0-8bc0-213b4716b643,a4b78471-cc75-4459-9640-9e787ac7e2b3,Ajingi,KAN-AJI,"""2025-11-12T19:26:39.723Z"""
e11f0b1f-7f45-4c1c-9cfc-6ea79c370742,a4b78471-cc75-4459-9640-9e787ac7e2b3,Albasu,KAN-ALB,"""2025-11-12T19:26:39.817Z"""
e5edc31d-27c6-4f90-9216-6b027e56ab2a,a4b78471-cc75-4459-9640-9e787ac7e2b3,Bagwai,KAN-BAG,"""2025-11-12T19:26:39.908Z"""
1a7e292c-456a-48dd-9454-7251bbeae6ff,a4b78471-cc75-4459-9640-9e787ac7e2b3,Bebeji,KAN-BEB,"""2025-11-12T19:26:39.999Z"""
2f5d89dc-792e-4c77-a952-d70fde99bfc2,a4b78471-cc75-4459-9640-9e787ac7e2b3,Bichi,KAN-BIC,"""2025-11-12T19:26:40.091Z"""
46936fcf-38e0-4d53-a02b-a088d0a66889,a4b78471-cc75-4459-9640-9e787ac7e2b3,Bunkure,KAN-BUN,"""2025-11-12T19:26:40.185Z"""
b9099f6a-6cee-444c-b00a-79d540bdb1cc,a4b78471-cc75-4459-9640-9e787ac7e2b3,Dambatta,KAN-DAM,"""2025-11-12T19:26:40.321Z"""
8442996d-80fa-4292-8c58-ab56176a6414,a4b78471-cc75-4459-9640-9e787ac7e2b3,Dawakin Kudu,KAN-DAW,"""2025-11-12T19:26:40.418Z"""
d4059e51-7c68-4030-870f-266c4d5fbe9c,a4b78471-cc75-4459-9640-9e787ac7e2b3,Dawakin Tofa,KAN-DAWA,"""2025-11-12T19:26:40.510Z"""
409bdbb1-f1a9-4b01-8eb2-6dce53ebedb1,a4b78471-cc75-4459-9640-9e787ac7e2b3,Doguwa,KAN-DOG,"""2025-11-12T19:26:40.604Z"""
942edb39-71f8-42d8-8869-18e1a7197e79,a4b78471-cc75-4459-9640-9e787ac7e2b3,Fagge,KAN-FAG,"""2025-11-12T19:26:40.695Z"""
c8273aaf-4707-4b1f-a2f1-0c7638756164,a4b78471-cc75-4459-9640-9e787ac7e2b3,Gabasawa,KAN-GAB,"""2025-11-12T19:26:40.786Z"""
9c1ef299-17b6-4bda-92b0-098be4bfecb9,a4b78471-cc75-4459-9640-9e787ac7e2b3,Garko,KAN-GAR,"""2025-11-12T19:26:40.878Z"""
1e8f8ad3-405e-4c4b-b8b5-7bbe2e892903,a4b78471-cc75-4459-9640-9e787ac7e2b3,Garum Mallam,KAN-GARU,"""2025-11-12T19:26:40.969Z"""
fd2de53d-e779-48be-824a-b9f1146929da,a4b78471-cc75-4459-9640-9e787ac7e2b3,Gaya,KAN-GAY,"""2025-11-12T19:26:41.060Z"""
0683ecf0-ec73-4808-96a2-8215c4694e68,a4b78471-cc75-4459-9640-9e787ac7e2b3,Gezawa,KAN-GEZ,"""2025-11-12T19:26:41.151Z"""
e59ff2f0-e70e-4a41-a177-db7b70d70496,a4b78471-cc75-4459-9640-9e787ac7e2b3,Gwale,KAN-GWA,"""2025-11-12T19:26:41.243Z"""
542147d5-f3a0-408c-9d53-79844d8235b0,a4b78471-cc75-4459-9640-9e787ac7e2b3,Gwarzo,KAN-GWAR,"""2025-11-12T19:26:41.333Z"""
816a8cf5-f973-4ad8-8c27-53503405f6cc,a4b78471-cc75-4459-9640-9e787ac7e2b3,Kabo,KAN-KAB,"""2025-11-12T19:26:41.427Z"""
8ad945c6-b4e2-4eca-9130-4765d5dca1e6,a4b78471-cc75-4459-9640-9e787ac7e2b3,Karaye,KAN-KAR,"""2025-11-12T19:26:41.565Z"""
f6d4deed-c8ea-4fa9-a305-af1c6ce90729,a4b78471-cc75-4459-9640-9e787ac7e2b3,Kibiya,KAN-KIB,"""2025-11-12T19:26:41.656Z"""
dc9e653e-38e5-4634-9e22-7afc0592a0d8,a4b78471-cc75-4459-9640-9e787ac7e2b3,Kiru,KAN-KIR,"""2025-11-12T19:26:41.747Z"""
ae80c7dc-a865-4722-bc0e-eb7354ec55fb,a4b78471-cc75-4459-9640-9e787ac7e2b3,Kunchi,KAN-KUN,"""2025-11-12T19:26:41.880Z"""
cd24402b-eaef-4b15-8dea-1fe189841159,a4b78471-cc75-4459-9640-9e787ac7e2b3,Kura,KAN-KUR,"""2025-11-12T19:26:41.974Z"""
2975ac51-ccf9-49fa-961e-799318a5720c,a4b78471-cc75-4459-9640-9e787ac7e2b3,Madobi,KAN-MAD,"""2025-11-12T19:26:42.073Z"""
e7ca789e-f36f-4e76-b5f3-8f3c9a5c2ffa,a4b78471-cc75-4459-9640-9e787ac7e2b3,Makoda,KAN-MAK,"""2025-11-12T19:26:42.164Z"""
79321c51-1641-4e9b-ba57-68127ead4b9b,a4b78471-cc75-4459-9640-9e787ac7e2b3,Minjibir,KAN-MIN,"""2025-11-12T19:26:42.256Z"""
991c3fff-f127-4666-8ff1-3b0a3617a072,a4b78471-cc75-4459-9640-9e787ac7e2b3,Nasarawa,KAN-NAS,"""2025-11-12T19:26:42.347Z"""
748cba85-dd12-478d-a55d-db67535476d9,a4b78471-cc75-4459-9640-9e787ac7e2b3,Rano,KAN-RAN,"""2025-11-12T19:26:42.438Z"""
01778e83-dab2-4607-a035-94f3843eaae5,a4b78471-cc75-4459-9640-9e787ac7e2b3,Rimin Gado,KAN-RIM,"""2025-11-12T19:26:42.528Z"""
e5f39e41-38ba-454d-bdc9-39055c029935,a4b78471-cc75-4459-9640-9e787ac7e2b3,Rogo,KAN-ROG,"""2025-11-12T19:26:42.620Z"""
f1e88568-af02-474d-8fd4-82314a20e23a,a4b78471-cc75-4459-9640-9e787ac7e2b3,Shanono,KAN-SHA,"""2025-11-12T19:26:42.713Z"""
9891f0b0-6c33-4a6e-aadf-915e2046a9a0,a4b78471-cc75-4459-9640-9e787ac7e2b3,Sumaila,KAN-SUM,"""2025-11-12T19:26:42.810Z"""
16a20345-ef90-48a7-8ed1-f5f353ee5009,a4b78471-cc75-4459-9640-9e787ac7e2b3,Takai,KAN-TAK,"""2025-11-12T19:26:42.902Z"""
fc12b5e3-e262-40c1-981c-93d7fb50a7b3,a4b78471-cc75-4459-9640-9e787ac7e2b3,Tofa,KAN-TOF,"""2025-11-12T19:26:43.039Z"""
013f6b76-1257-425e-8c51-210acf9a3c9c,a4b78471-cc75-4459-9640-9e787ac7e2b3,Tsanyawa,KAN-TSA,"""2025-11-12T19:26:43.129Z"""
7bf45c95-dc56-45d6-878f-5111c782c509,a4b78471-cc75-4459-9640-9e787ac7e2b3,Tudun Wada,KAN-TUD,"""2025-11-12T19:26:43.221Z"""
01d69032-ed3f-4d41-ac00-663ea96d40da,a4b78471-cc75-4459-9640-9e787ac7e2b3,Ungogo,KAN-UNG,"""2025-11-12T19:26:43.311Z"""
e14f0dd1-178b-4b30-889a-fe6ef3dd867b,a4b78471-cc75-4459-9640-9e787ac7e2b3,Warawa,KAN-WAR,"""2025-11-12T19:26:43.401Z"""
808acb65-0b70-454c-8650-ae58ed2a53e2,a4b78471-cc75-4459-9640-9e787ac7e2b3,Wudil,KAN-WUD,"""2025-11-12T19:26:43.493Z"""
15b3c017-8c21-4738-b555-43524296dd11,222e751a-506f-41b5-b774-c1682c9a62ad,Balanga,GOM-BAL,"""2025-11-12T19:26:43.676Z"""
3ab9ea2f-8c22-4b28-96dd-6b41965ad89c,222e751a-506f-41b5-b774-c1682c9a62ad,Dukku,GOM-DUK,"""2025-11-12T19:26:43.812Z"""
0a81e473-acc9-4395-a6de-6adf9db8ee5a,222e751a-506f-41b5-b774-c1682c9a62ad,Funakaye,GOM-FUN,"""2025-11-12T19:26:43.904Z"""
28518a8c-f107-4c26-81d0-5bb79a63b71d,222e751a-506f-41b5-b774-c1682c9a62ad,Kaltungo,GOM-KAL,"""2025-11-12T19:26:44.040Z"""
44621a8a-8d74-42f1-a572-b1c60c112cfb,222e751a-506f-41b5-b774-c1682c9a62ad,Kwami,GOM-KWA,"""2025-11-12T19:26:44.131Z"""
6b0ec8e5-3941-4e03-9e9b-f3cb457159b8,222e751a-506f-41b5-b774-c1682c9a62ad,Nafada,GOM-NAF,"""2025-11-12T19:26:44.222Z"""
0384d0e6-ced2-42b2-b244-dd42330de859,222e751a-506f-41b5-b774-c1682c9a62ad,Shomgom,GOM-SHO,"""2025-11-12T19:26:44.315Z"""
270051e1-95b7-4bba-a073-6abaa0a8c724,222e751a-506f-41b5-b774-c1682c9a62ad,Yamaltu/Deba,GOM-YAM,"""2025-11-12T19:26:44.409Z"""
1b6fbbf4-5a6c-4a94-bba3-746d740514e2,f7cd16da-094b-4690-a2db-8674a477311f,Akoko-Edo,EDO-AKO,"""2025-11-12T19:26:44.545Z"""
f0cedbc8-5296-4c7b-a471-fad301546c13,f7cd16da-094b-4690-a2db-8674a477311f,Esan Central,EDO-ESA,"""2025-11-12T19:26:44.681Z"""
3929776f-15fe-402b-8c69-65af1c0e2447,f7cd16da-094b-4690-a2db-8674a477311f,Esan North East,EDO-ESAN,"""2025-11-12T19:26:44.776Z"""
893b1639-1e6c-4dae-afde-ecaec5f53c7b,f7cd16da-094b-4690-a2db-8674a477311f,Esan South East,EDO-ESAN1,"""2025-11-12T19:26:44.866Z"""
797adaa5-76d3-402b-a1c7-54c3c1ea4e14,f7cd16da-094b-4690-a2db-8674a477311f,Esan West,EDO-ESAN2,"""2025-11-12T19:26:44.957Z"""
b747463e-fee3-47e8-9eef-9282cf8f0f2d,f7cd16da-094b-4690-a2db-8674a477311f,Etsako Central,EDO-ETS,"""2025-11-12T19:26:45.048Z"""
2c3f5323-f2c8-4ef3-af7e-4be3d1ac4cf5,f7cd16da-094b-4690-a2db-8674a477311f,Etsako East,EDO-ETSA,"""2025-11-12T19:26:45.139Z"""
c20b4af7-3bdb-4cd5-be2f-e7ff889d9e64,f7cd16da-094b-4690-a2db-8674a477311f,Etsako West,EDO-ETSA1,"""2025-11-12T19:26:45.230Z"""
6f1a7938-8155-43ff-91a1-8ba91291912f,f7cd16da-094b-4690-a2db-8674a477311f,Igueben,EDO-IGU,"""2025-11-12T19:26:45.323Z"""
429d643f-f5db-4f9b-92e0-1396c015f2f4,f7cd16da-094b-4690-a2db-8674a477311f,Orhionmwon,EDO-ORH,"""2025-11-12T19:26:45.505Z"""
81855edb-903e-41e2-8b8e-e231fccdc657,f7cd16da-094b-4690-a2db-8674a477311f,Ovia North East,EDO-OVI,"""2025-11-12T19:26:45.597Z"""
106fee23-7aeb-4355-9c4e-69a22ff57f31,f7cd16da-094b-4690-a2db-8674a477311f,Ovia South West,EDO-OVIA,"""2025-11-12T19:26:45.688Z"""
02f4a23c-1346-45f1-b3dc-3c4868bc0104,f7cd16da-094b-4690-a2db-8674a477311f,Owan East,EDO-OWA,"""2025-11-12T19:26:45.779Z"""
ab30054c-970c-4e2a-abb2-f2d2637039cf,f7cd16da-094b-4690-a2db-8674a477311f,Owan West,EDO-OWAN,"""2025-11-12T19:26:45.870Z"""
7ee7594a-22f1-4d42-9ad0-ff9e84634f11,f7cd16da-094b-4690-a2db-8674a477311f,Uhunmwonde,EDO-UHU,"""2025-11-12T19:26:45.961Z"""
0703023c-8838-4d45-a602-d24392e28bd5,8e197436-5c58-49c9-bf0e-21b2fb09a5a7,Akoko North East,OND-AKO,"""2025-11-12T19:26:46.098Z"""
a06cb283-2187-4f53-8a06-40e2907f3d3a,8e197436-5c58-49c9-bf0e-21b2fb09a5a7,Akoko North West,OND-AKOK,"""2025-11-12T19:26:46.197Z"""
5e71dece-22b5-4a8e-af96-84ba0f4ccd52,8e197436-5c58-49c9-bf0e-21b2fb09a5a7,Akoko South East,OND-AKOK1,"""2025-11-12T19:26:46.288Z"""
cbc7080c-d350-4fdc-972b-820f3f702824,8e197436-5c58-49c9-bf0e-21b2fb09a5a7,Akoko South West,OND-AKOK2,"""2025-11-12T19:26:46.380Z"""
99a2382d-4e4b-4b6f-9aa3-aa7bacd2d4db,8e197436-5c58-49c9-bf0e-21b2fb09a5a7,Ese-Odo,OND-ESE,"""2025-11-12T19:26:46.562Z"""
d0040f89-f48a-47e2-8299-7c30b4f50f29,8e197436-5c58-49c9-bf0e-21b2fb09a5a7,Idanre,OND-IDA,"""2025-11-12T19:26:46.651Z"""
21eb3a70-3461-44be-892c-2318cfbea630,8e197436-5c58-49c9-bf0e-21b2fb09a5a7,Ifedore,OND-IFE,"""2025-11-12T19:26:46.750Z"""
b3927e2e-cb57-4915-9474-b4b382203d73,8e197436-5c58-49c9-bf0e-21b2fb09a5a7,Ilaje,OND-ILA,"""2025-11-12T19:26:46.839Z"""
395f76d2-c498-47eb-8b82-7cef20df1a07,8e197436-5c58-49c9-bf0e-21b2fb09a5a7,Ile-Oluji-Okeigbo,OND-ILE,"""2025-11-12T19:26:46.929Z"""
0806602a-874e-454f-89d8-4ec699ce43c6,8e197436-5c58-49c9-bf0e-21b2fb09a5a7,Irele,OND-IRE,"""2025-11-12T19:26:47.024Z"""
4e90723f-c838-4f1e-acdd-ba2f936734e2,8e197436-5c58-49c9-bf0e-21b2fb09a5a7,Odigbo,OND-ODI,"""2025-11-12T19:26:47.120Z"""
d3da81a8-0d61-4fa7-b516-000d1d37b526,8e197436-5c58-49c9-bf0e-21b2fb09a5a7,Okitipupa,OND-OKI,"""2025-11-12T19:26:47.211Z"""
f395daec-e126-4485-813a-5e6df5b6f15e,8e197436-5c58-49c9-bf0e-21b2fb09a5a7,Ondo East,OND-OND,"""2025-11-12T19:26:47.301Z"""
88d7f3d1-c646-4a6a-82bc-6e3c3df9229a,8e197436-5c58-49c9-bf0e-21b2fb09a5a7,Ose,OND-OSE,"""2025-11-12T19:26:47.438Z"""
5d38c6e2-3514-4d57-bb13-f1314d5ae1b6,8e197436-5c58-49c9-bf0e-21b2fb09a5a7,Owo,OND-OWO,"""2025-11-12T19:26:47.530Z"""
08be95ea-259a-46d3-9972-d3f9ded237fb,bb5e9476-7838-442f-9b90-8ef5e1481e81,Awe,NAS-AWE,"""2025-11-12T19:26:47.710Z"""
3d850c0b-c65b-4249-a508-5cc9d64b3d95,bb5e9476-7838-442f-9b90-8ef5e1481e81,Doma,NAS-DOM,"""2025-11-12T19:26:47.802Z"""
3589f5cc-1f6e-4fb2-8a3f-0d5aa2fb83c7,bb5e9476-7838-442f-9b90-8ef5e1481e81,Karu,NAS-KAR,"""2025-11-12T19:26:47.894Z"""
1c51f4ca-69f2-44b3-9e6a-fda2c2440a7c,bb5e9476-7838-442f-9b90-8ef5e1481e81,Keana,NAS-KEA,"""2025-11-12T19:26:47.985Z"""
abbbd3d7-7d01-4f0d-ab0a-c3ca427f8823,bb5e9476-7838-442f-9b90-8ef5e1481e81,Kokona,NAS-KOK,"""2025-11-12T19:26:48.122Z"""
6174663e-d34a-49a7-9cba-779b801f5368,bb5e9476-7838-442f-9b90-8ef5e1481e81,Nasarawa,NAS-NAS,"""2025-11-12T19:26:48.261Z"""
745a51e3-198f-472e-bea7-b278b9dfb139,bb5e9476-7838-442f-9b90-8ef5e1481e81,Nasarawa-Eggon,NAS-NASA,"""2025-11-12T19:26:48.351Z"""
b58a07a7-42c0-46c2-99ce-5dcad61ab6a1,bb5e9476-7838-442f-9b90-8ef5e1481e81,Obi,NAS-OBI,"""2025-11-12T19:26:48.443Z"""
f9acccf3-11db-40de-b035-aaf14570748a,bb5e9476-7838-442f-9b90-8ef5e1481e81,Toto,NAS-TOT,"""2025-11-12T19:26:48.533Z"""
27e9a412-92f0-4800-a6aa-bba7e6ff7be7,bb5e9476-7838-442f-9b90-8ef5e1481e81,Wamba,NAS-WAM,"""2025-11-12T19:26:48.625Z"""
1e1c42bd-fc9a-418e-a4c7-82b9bcec5139,bd686873-234d-4a07-bc88-fbcf6994d3ba,Aleiro,KEB-ALE,"""2025-11-12T19:26:48.761Z"""
ab298ec1-983e-48fe-b42d-9f6161ad5871,bd686873-234d-4a07-bc88-fbcf6994d3ba,Arewa-Dandi,KEB-ARE,"""2025-11-12T19:26:48.853Z"""
a29148f1-0951-4a2a-815e-e24c0e379d42,bd686873-234d-4a07-bc88-fbcf6994d3ba,Augie,KEB-AUG,"""2025-11-12T19:26:48.992Z"""
39ccc09f-e5e0-4e6e-9620-3747aaaa899a,bd686873-234d-4a07-bc88-fbcf6994d3ba,Bagudo,KEB-BAG,"""2025-11-12T19:26:49.084Z"""
2738034e-846a-4f24-a65e-0e7f33954326,bd686873-234d-4a07-bc88-fbcf6994d3ba,Bunza,KEB-BUN,"""2025-11-12T19:26:49.220Z"""
6be3cf2e-56a8-4732-8e10-6b112cb45ddf,bd686873-234d-4a07-bc88-fbcf6994d3ba,Dandi,KEB-DAN,"""2025-11-12T19:26:49.312Z"""
e33a98fe-3d04-48ce-ac49-aaebd05be56f,bd686873-234d-4a07-bc88-fbcf6994d3ba,Fakai,KEB-FAK,"""2025-11-12T19:26:49.403Z"""
e3b2d888-7745-4cec-a163-dd6d8b424b0c,bd686873-234d-4a07-bc88-fbcf6994d3ba,Gwandu,KEB-GWA,"""2025-11-12T19:26:49.495Z"""
10fb000e-7039-40fa-aa38-739cbd380ce8,bd686873-234d-4a07-bc88-fbcf6994d3ba,Jega,KEB-JEG,"""2025-11-12T19:26:49.586Z"""
47a78ef3-1883-469c-ae6d-b0c987a3acfd,bd686873-234d-4a07-bc88-fbcf6994d3ba,Kalgo,KEB-KAL,"""2025-11-12T19:26:49.677Z"""
4fcf801e-712e-4882-a10f-65a754187057,bd686873-234d-4a07-bc88-fbcf6994d3ba,Koko/Besse,KEB-KOK,"""2025-11-12T19:26:49.768Z"""
ccadd3b0-3c8c-4335-80ef-f9382ec0d4a6,bd686873-234d-4a07-bc88-fbcf6994d3ba,Maiyama,KEB-MAI,"""2025-11-12T19:26:49.860Z"""
df21997e-bb7b-4876-a9ca-13a46b029bd4,bd686873-234d-4a07-bc88-fbcf6994d3ba,Ngaski,KEB-NGA,"""2025-11-12T19:26:49.951Z"""
7d8bfadd-b7ef-4864-b9c4-e8648f493369,bd686873-234d-4a07-bc88-fbcf6994d3ba,Sakaba,KEB-SAK,"""2025-11-12T19:26:50.043Z"""
4e95a8e9-da65-4bf3-b491-b695eb4dec14,bd686873-234d-4a07-bc88-fbcf6994d3ba,Shanga,KEB-SHA,"""2025-11-12T19:26:50.135Z"""
d71e7333-66ae-4075-805c-c28445064234,bd686873-234d-4a07-bc88-fbcf6994d3ba,Suru,KEB-SUR,"""2025-11-12T19:26:50.226Z"""
ee48a5b0-2c77-4c49-acec-719d1f87b9e2,bd686873-234d-4a07-bc88-fbcf6994d3ba,Wasagu/Danko,KEB-WAS,"""2025-11-12T19:26:50.317Z"""
cab69bdb-25af-471c-b3b5-a8d6eab34bee,bd686873-234d-4a07-bc88-fbcf6994d3ba,Zuru,KEB-ZUR,"""2025-11-12T19:26:50.452Z"""
169547f9-9321-4cb3-960d-1154816e67bd,61914495-07a8-4860-b124-ec6331e48be3,Alkaleri,BAU-ALK,"""2025-11-12T19:26:50.588Z"""
562c0ac3-2ee4-495a-8572-7cf1537e7077,61914495-07a8-4860-b124-ec6331e48be3,Bogoro,BAU-BOG,"""2025-11-12T19:26:50.733Z"""
bf0595c7-b117-4050-b646-573d2a8d62e3,61914495-07a8-4860-b124-ec6331e48be3,Damban,BAU-DAM,"""2025-11-12T19:26:50.824Z"""
e5450b56-dc1f-4b01-acf1-71402c87bd30,61914495-07a8-4860-b124-ec6331e48be3,Darazo,BAU-DAR,"""2025-11-12T19:26:50.915Z"""
2cee9ba9-7e3a-4db7-b371-3d5f1fa7ff3e,61914495-07a8-4860-b124-ec6331e48be3,Dass,BAU-DAS,"""2025-11-12T19:26:51.007Z"""
41dd4fa0-e0ac-421f-83e4-a91b9368def6,61914495-07a8-4860-b124-ec6331e48be3,Gamawa,BAU-GAM,"""2025-11-12T19:26:51.101Z"""
f8abb2cc-8fee-4783-8f42-b9f21660b20e,61914495-07a8-4860-b124-ec6331e48be3,Ganjuwa,BAU-GAN,"""2025-11-12T19:26:51.193Z"""
3bda6a5d-0f8a-4e46-8d91-da560445392a,61914495-07a8-4860-b124-ec6331e48be3,Giade,BAU-GIA,"""2025-11-12T19:26:51.284Z"""
ef369eca-669a-47f4-9f99-a03d32e08dc7,61914495-07a8-4860-b124-ec6331e48be3,Itas/Gadau,BAU-ITA,"""2025-11-12T19:26:51.375Z"""
7fe9e47c-461b-4755-99d1-97b47da5a27b,61914495-07a8-4860-b124-ec6331e48be3,Jama'are,BAU-JAM,"""2025-11-12T19:26:51.466Z"""
c50135d5-d821-4d5a-ad51-5c3ef058e0f6,61914495-07a8-4860-b124-ec6331e48be3,Katagum,BAU-KAT,"""2025-11-12T19:26:51.556Z"""
a8be89d9-fb08-466d-9b6f-73160d53d720,61914495-07a8-4860-b124-ec6331e48be3,Kirfi,BAU-KIR,"""2025-11-12T19:26:51.646Z"""
e2cc25e3-a6f6-441c-a214-5ca91b92ff02,61914495-07a8-4860-b124-ec6331e48be3,Misau,BAU-MIS,"""2025-11-12T19:26:51.737Z"""
a7c354be-80c7-4bda-a7e4-eb43275c592c,61914495-07a8-4860-b124-ec6331e48be3,Shira,BAU-SHI,"""2025-11-12T19:26:51.877Z"""
d2d20742-888a-4137-a4f4-016a79742a2d,61914495-07a8-4860-b124-ec6331e48be3,Tafawa-Balewa,BAU-TAF,"""2025-11-12T19:26:51.967Z"""
6508157b-df2c-4af2-9db4-aa427aba9f6c,61914495-07a8-4860-b124-ec6331e48be3,Warji,BAU-WAR,"""2025-11-12T19:26:52.105Z"""
fd18efba-5ea6-4c1e-81ee-6168825cfadc,61914495-07a8-4860-b124-ec6331e48be3,Zaki,BAU-ZAK,"""2025-11-12T19:26:52.199Z"""
57222b5b-f7cc-4be1-9aea-183271728ae6,a629b035-b2e1-4bd6-9592-a192d10fd509,Aninri,ENU-ANI,"""2025-11-12T19:26:52.335Z"""
3611d63b-48ee-4714-8b0e-016142f24897,a629b035-b2e1-4bd6-9592-a192d10fd509,Awgu,ENU-AWG,"""2025-11-12T19:26:52.426Z"""
5a41984e-383c-4442-b803-f3e1b811c25f,a629b035-b2e1-4bd6-9592-a192d10fd509,Ezeagu,ENU-EZE,"""2025-11-12T19:26:52.657Z"""
ed329656-d361-491f-90b9-b3226450e1c7,a629b035-b2e1-4bd6-9592-a192d10fd509,Igbo-Etiti,ENU-IGB,"""2025-11-12T19:26:52.751Z"""
bd3eba56-7226-455a-be93-ddee4a0d6eb7,a629b035-b2e1-4bd6-9592-a192d10fd509,Igbo-Eze North,ENU-IGBO,"""2025-11-12T19:26:52.842Z"""
f5245a80-2853-47ff-8b0c-eab990dd80e7,a629b035-b2e1-4bd6-9592-a192d10fd509,Igbo-Eze South,ENU-IGBO1,"""2025-11-12T19:26:52.935Z"""
0a7f5d29-c971-4450-bcf2-56418c31ac7a,a629b035-b2e1-4bd6-9592-a192d10fd509,Isi-Uzo,ENU-ISI,"""2025-11-12T19:26:53.026Z"""
e477bfe2-f596-4728-96e1-a9cafbcb1bde,a629b035-b2e1-4bd6-9592-a192d10fd509,Nkanu East,ENU-NKA,"""2025-11-12T19:26:53.121Z"""
31fc1f7d-38df-47e3-a1e7-25b59489f272,a629b035-b2e1-4bd6-9592-a192d10fd509,Nkanu West,ENU-NKAN,"""2025-11-12T19:26:53.213Z"""
82320130-2b55-4867-b7c3-e5b7ff69bdc7,a629b035-b2e1-4bd6-9592-a192d10fd509,Nsukka,ENU-NSU,"""2025-11-12T19:26:53.303Z"""
748e5f86-4eee-468c-b7d8-e5a1ebd98876,a629b035-b2e1-4bd6-9592-a192d10fd509,Oji-River,ENU-OJI,"""2025-11-12T19:26:53.394Z"""
7318ecea-b2c9-417f-bac3-c38dbc312940,a629b035-b2e1-4bd6-9592-a192d10fd509,Udenu,ENU-UDE,"""2025-11-12T19:26:53.485Z"""
cff5bcd6-ed7c-4ae3-bb7d-0d65a7f3be65,a629b035-b2e1-4bd6-9592-a192d10fd509,Udi,ENU-UDI,"""2025-11-12T19:26:53.578Z"""
f63870c3-7ac6-4409-82e5-d6170c86f7fc,a629b035-b2e1-4bd6-9592-a192d10fd509,Uzo-Uwani,ENU-UZO,"""2025-11-12T19:26:53.669Z"""
fc6326b0-6282-4080-aa3c-c8cb55f738a8,9a87b565-5e4c-4369-add1-61a81630ff5d,Aniocha North,DEL-ANI,"""2025-11-12T19:26:53.806Z"""
9b924990-d9e8-474c-b2d8-dc756544b0cd,9a87b565-5e4c-4369-add1-61a81630ff5d,Aniocha South,DEL-ANIO,"""2025-11-12T19:26:53.897Z"""
65c0249d-56b4-47cc-ad94-6519cc38d4b2,9a87b565-5e4c-4369-add1-61a81630ff5d,Bomadi,DEL-BOM,"""2025-11-12T19:26:53.989Z"""
988f6fa7-8caa-4c1b-af8c-f3cb738e3a65,9a87b565-5e4c-4369-add1-61a81630ff5d,Burutu,DEL-BUR,"""2025-11-12T19:26:54.080Z"""
ba4712be-5b50-460d-af71-a2d066734219,9a87b565-5e4c-4369-add1-61a81630ff5d,Ethiope East,DEL-ETH,"""2025-11-12T19:26:54.189Z"""
fed2659b-8b56-4492-bb71-ed95cdc073de,9a87b565-5e4c-4369-add1-61a81630ff5d,Ethiope West,DEL-ETHI,"""2025-11-12T19:26:54.282Z"""
82cdfcc1-3961-4ba0-8271-c78949b1bb2c,9a87b565-5e4c-4369-add1-61a81630ff5d,Ika North East,DEL-IKA,"""2025-11-12T19:26:54.382Z"""
aaea6e94-d0a2-4f8d-a79c-f6353eb687cf,9a87b565-5e4c-4369-add1-61a81630ff5d,Ika South,DEL-IKAS,"""2025-11-12T19:26:54.473Z"""
f57c6f4a-c202-40df-bb82-83ce0896f1ae,9a87b565-5e4c-4369-add1-61a81630ff5d,Isoko North,DEL-ISO,"""2025-11-12T19:26:54.564Z"""
f4096dc3-86bf-4a0a-961c-015dbf129ec3,9a87b565-5e4c-4369-add1-61a81630ff5d,Isoko South,DEL-ISOK,"""2025-11-12T19:26:54.655Z"""
40527e79-8653-4268-a5a1-99a16ba2e00b,9a87b565-5e4c-4369-add1-61a81630ff5d,Ndokwa East,DEL-NDO,"""2025-11-12T19:26:54.750Z"""
4acd41d5-3dbc-4f2b-83f1-1fd98a05681a,9a87b565-5e4c-4369-add1-61a81630ff5d,Ndokwa West,DEL-NDOK,"""2025-11-12T19:26:54.841Z"""
e893f811-5a39-4b62-be92-48dbf9599885,9a87b565-5e4c-4369-add1-61a81630ff5d,Okpe,DEL-OKP,"""2025-11-12T19:26:54.930Z"""
f4888284-ad2d-4e29-a475-cce5eebc7b88,9a87b565-5e4c-4369-add1-61a81630ff5d,Oshimili North,DEL-OSH,"""2025-11-12T19:26:55.022Z"""
999975c0-0715-4c46-bba0-70139379b573,9a87b565-5e4c-4369-add1-61a81630ff5d,Patani,DEL-PAT,"""2025-11-12T19:26:55.159Z"""
088e8fc3-c92d-44b7-be68-665346686250,9a87b565-5e4c-4369-add1-61a81630ff5d,Udu,DEL-UDU,"""2025-11-12T19:26:55.296Z"""
872f8a54-2860-44cb-8d37-e627d396e764,9a87b565-5e4c-4369-add1-61a81630ff5d,Ughelli North,DEL-UGH,"""2025-11-12T19:26:55.393Z"""
959f1151-8b98-4b68-8e8f-0a78651b0412,9a87b565-5e4c-4369-add1-61a81630ff5d,Ughelli South,DEL-UGHE,"""2025-11-12T19:26:55.484Z"""
e22bc115-ec0d-4a4b-bdcc-e15df3574f24,9a87b565-5e4c-4369-add1-61a81630ff5d,Ukwuani,DEL-UKW,"""2025-11-12T19:26:55.575Z"""
55f57b86-1593-4fb4-abfd-4e978704bcb9,9a87b565-5e4c-4369-add1-61a81630ff5d,Warri North,DEL-WAR,"""2025-11-12T19:26:55.715Z"""
cc1001f4-2354-43fb-8a0f-aa280ec60b66,9a87b565-5e4c-4369-add1-61a81630ff5d,Warri South West,DEL-WARR,"""2025-11-12T19:26:55.857Z"""
8cfc1748-3089-4add-8ac1-7375dd4cec6f,71db8410-4949-492e-8cb0-1ac42ab97fa8,Anka,ZAM-ANK,"""2025-11-12T19:26:55.994Z"""
5f911dea-04c6-4bba-94ff-a6f8e9d76e2e,71db8410-4949-492e-8cb0-1ac42ab97fa8,Bakura,ZAM-BAK,"""2025-11-12T19:26:56.087Z"""
45ab4404-f707-4a44-b572-d84967b1b338,71db8410-4949-492e-8cb0-1ac42ab97fa8,Birnin Magaji,ZAM-BIR,"""2025-11-12T19:26:56.179Z"""
4919bae7-bae0-4973-a29e-c4970d7e30c3,71db8410-4949-492e-8cb0-1ac42ab97fa8,Bukkuyum,ZAM-BUK,"""2025-11-12T19:26:56.271Z"""
7516ea1d-e85f-4695-9db5-b416e0cc1116,71db8410-4949-492e-8cb0-1ac42ab97fa8,Gummi,ZAM-GUM,"""2025-11-12T19:26:56.408Z"""
b8e1b87b-0a9f-47df-89fa-8fd4ddda3f36,71db8410-4949-492e-8cb0-1ac42ab97fa8,Kaura Namoda,ZAM-KAU,"""2025-11-12T19:26:56.546Z"""
4dd369e7-5931-4f41-bfcc-21f19d1fe8fd,71db8410-4949-492e-8cb0-1ac42ab97fa8,Maradun,ZAM-MAR,"""2025-11-12T19:26:56.637Z"""
1e911d07-95d3-4933-9644-af7635c30f5b,71db8410-4949-492e-8cb0-1ac42ab97fa8,Maru,ZAM-MARU,"""2025-11-12T19:26:56.728Z"""
4b37f2db-e38d-4de4-9cbb-726baef58572,71db8410-4949-492e-8cb0-1ac42ab97fa8,Shinkafi,ZAM-SHI,"""2025-11-12T19:26:56.819Z"""
9378e828-a833-40a2-90f8-81eb18dcd4ea,71db8410-4949-492e-8cb0-1ac42ab97fa8,Tsafe,ZAM-TSA,"""2025-11-12T19:26:56.959Z"""
9a1e208b-b801-4b66-9776-3c82737f578a,71db8410-4949-492e-8cb0-1ac42ab97fa8,Zurmi,ZAM-ZUR,"""2025-11-12T19:26:57.050Z"""
e19b58da-bf98-43f4-8532-ee3eb5ef04f8,de14d0b3-64f3-49dd-b229-a6bcb3b97968,Ardo-Kola,TAR-ARD,"""2025-11-12T19:26:57.189Z"""
e5360f8d-7a6b-4462-ab91-4a51232b04ee,de14d0b3-64f3-49dd-b229-a6bcb3b97968,Donga,TAR-DON,"""2025-11-12T19:26:57.325Z"""
a04356df-006e-42db-831c-484a08b81435,de14d0b3-64f3-49dd-b229-a6bcb3b97968,Gashaka,TAR-GAS,"""2025-11-12T19:26:57.417Z"""
1bda6551-2c37-4526-84ae-c4593e0bae75,de14d0b3-64f3-49dd-b229-a6bcb3b97968,Gassol,TAR-GASS,"""2025-11-12T19:26:57.510Z"""
0953e4de-0da9-4dc5-ae5e-2bc3b1a5e002,de14d0b3-64f3-49dd-b229-a6bcb3b97968,Ibi,TAR-IBI,"""2025-11-12T19:26:57.601Z"""
0a431d30-c8e9-4039-b09b-3801ee9d47ef,de14d0b3-64f3-49dd-b229-a6bcb3b97968,Karim-Lamido,TAR-KAR,"""2025-11-12T19:26:57.738Z"""
8d7da95c-4940-438a-8db6-d28de64a686b,de14d0b3-64f3-49dd-b229-a6bcb3b97968,Kurmi,TAR-KUR,"""2025-11-12T19:26:57.829Z"""
b2d14f00-7c01-49fe-8ebd-78d5736fce62,de14d0b3-64f3-49dd-b229-a6bcb3b97968,Lau,TAR-LAU,"""2025-11-12T19:26:57.921Z"""
b8f86533-0051-42ae-9143-02737b8f7d17,de14d0b3-64f3-49dd-b229-a6bcb3b97968,Sardauna,TAR-SAR,"""2025-11-12T19:26:58.013Z"""
d31cda42-3d41-461e-b85b-cc9bce0a414c,de14d0b3-64f3-49dd-b229-a6bcb3b97968,Takum,TAR-TAK,"""2025-11-12T19:26:58.104Z"""
de76ee02-85f1-4073-accc-24ab056787ab,de14d0b3-64f3-49dd-b229-a6bcb3b97968,Ussa,TAR-USS,"""2025-11-12T19:26:58.196Z"""
4dfd87ec-a3ba-4842-a40f-63107ea224ad,de14d0b3-64f3-49dd-b229-a6bcb3b97968,Yorro,TAR-YOR,"""2025-11-12T19:26:58.334Z"""
0ee5c031-059f-42b1-9deb-c6ba9c1f3f09,de14d0b3-64f3-49dd-b229-a6bcb3b97968,Zing,TAR-ZIN,"""2025-11-12T19:26:58.425Z"""
0367d658-79a0-4735-9334-a4bba71e510e,9c6ca48d-f36f-4e9f-9689-d7b248470365,Asa,KWA-ASA,"""2025-11-12T19:26:58.562Z"""
3714946c-591f-44d2-8c6d-2a530f90fc07,9c6ca48d-f36f-4e9f-9689-d7b248470365,Baruten,KWA-BAR,"""2025-11-12T19:26:58.653Z"""
7e982bdd-7688-4837-bc60-87c426bc139f,9c6ca48d-f36f-4e9f-9689-d7b248470365,Edu,KWA-EDU,"""2025-11-12T19:26:58.743Z"""
022f8089-83ba-4d07-b7a3-0d290f53747c,9c6ca48d-f36f-4e9f-9689-d7b248470365,Ekiti,KWA-EKI,"""2025-11-12T19:26:58.835Z"""
2b4831fc-8bbc-4af2-8598-61e07ad42e43,9c6ca48d-f36f-4e9f-9689-d7b248470365,Ifelodun,KWA-IFE,"""2025-11-12T19:26:58.927Z"""
1dff0598-11b0-40ea-8797-998adb135ebe,9c6ca48d-f36f-4e9f-9689-d7b248470365,Irepodun,KWA-IRE,"""2025-11-12T19:26:59.156Z"""
6aa27af0-7446-4195-9019-516babc117df,9c6ca48d-f36f-4e9f-9689-d7b248470365,Isin,KWA-ISI,"""2025-11-12T19:26:59.250Z"""
82a00416-d6e4-471c-848b-0b59cfb617ed,9c6ca48d-f36f-4e9f-9689-d7b248470365,Kaiama,KWA-KAI,"""2025-11-12T19:26:59.342Z"""
c0f330a5-f62f-4f49-8301-897f919adb98,9c6ca48d-f36f-4e9f-9689-d7b248470365,Moro,KWA-MOR,"""2025-11-12T19:26:59.437Z"""
56eb0daa-6989-4523-bce2-a6f6bc6faff7,9c6ca48d-f36f-4e9f-9689-d7b248470365,Offa,KWA-OFF,"""2025-11-12T19:26:59.532Z"""
695f324f-af5e-4ca0-a6e3-2f8d5507b3b9,9c6ca48d-f36f-4e9f-9689-d7b248470365,Oke-Ero,KWA-OKE,"""2025-11-12T19:26:59.624Z"""
879854b5-77ee-4909-bf31-01f756549df3,9c6ca48d-f36f-4e9f-9689-d7b248470365,Oyun,KWA-OYU,"""2025-11-12T19:26:59.715Z"""
b3cedcc3-416e-4ad2-b6c7-3ba35575d074,9c6ca48d-f36f-4e9f-9689-d7b248470365,Pategi,KWA-PAT,"""2025-11-12T19:26:59.807Z"""
af201b5d-2a19-4f70-a867-1e7979d61b4c,ca19fb07-c29e-40ac-aeb2-28f1ca0417f2,Auyo,JIG-AUY,"""2025-11-12T19:26:59.942Z"""
95f13b49-f859-4fb3-80a9-964d3b979ec2,ca19fb07-c29e-40ac-aeb2-28f1ca0417f2,Babura,JIG-BAB,"""2025-11-12T19:27:00.032Z"""
b599b08c-164f-4dd3-8889-f6d4b9bdc175,ca19fb07-c29e-40ac-aeb2-28f1ca0417f2,Biriniwa,JIG-BIR,"""2025-11-12T19:27:00.123Z"""
6d69e895-de52-487f-93e6-9ab8ed7384e0,ca19fb07-c29e-40ac-aeb2-28f1ca0417f2,Birni Kudu,JIG-BIRN,"""2025-11-12T19:27:00.218Z"""
863d008d-7c13-4b24-90e8-bca9997c62ff,ca19fb07-c29e-40ac-aeb2-28f1ca0417f2,Buji,JIG-BUJ,"""2025-11-12T19:27:00.312Z"""
6676ce4c-29e2-42b5-b52a-174e07e1d944,ca19fb07-c29e-40ac-aeb2-28f1ca0417f2,Gagarawa,JIG-GAG,"""2025-11-12T19:27:00.448Z"""
ffb024dd-6a88-4fb3-9214-d6a971958b66,ca19fb07-c29e-40ac-aeb2-28f1ca0417f2,Garki,JIG-GAR,"""2025-11-12T19:27:00.540Z"""
c9176ce1-1dff-450a-bb77-79dba6726880,ca19fb07-c29e-40ac-aeb2-28f1ca0417f2,Guri,JIG-GUR,"""2025-11-12T19:27:00.677Z"""
a73014b8-ab44-4027-9774-cc68c013880a,ca19fb07-c29e-40ac-aeb2-28f1ca0417f2,Gwaram,JIG-GWA,"""2025-11-12T19:27:00.770Z"""
bd5a4b27-ad35-474d-b1f3-3fe06c797869,ca19fb07-c29e-40ac-aeb2-28f1ca0417f2,Gwiwa,JIG-GWI,"""2025-11-12T19:27:00.861Z"""
d666b49e-765b-4be7-ae6e-de7c858f4f86,ca19fb07-c29e-40ac-aeb2-28f1ca0417f2,Jahun,JIG-JAH,"""2025-11-12T19:27:00.997Z"""
c8f2d17b-1bba-47a6-b446-30c4d66ebde9,ca19fb07-c29e-40ac-aeb2-28f1ca0417f2,Kafin Hausa,JIG-KAF,"""2025-11-12T19:27:01.089Z"""
9456221b-c49e-46aa-a5f7-404a611b18df,ca19fb07-c29e-40ac-aeb2-28f1ca0417f2,Kaugama,JIG-KAU,"""2025-11-12T19:27:01.180Z"""
86c6ac9b-2a30-4c7e-ae0a-0eda1c7d61c5,ca19fb07-c29e-40ac-aeb2-28f1ca0417f2,Kazaure,JIG-KAZ,"""2025-11-12T19:27:01.272Z"""
16d80caf-896c-4d76-b483-4f2b0be04f9b,ca19fb07-c29e-40ac-aeb2-28f1ca0417f2,Kiri Kasamma,JIG-KIR,"""2025-11-12T19:27:01.365Z"""
49879860-b967-46ab-867c-8d2ccf7b5d11,ca19fb07-c29e-40ac-aeb2-28f1ca0417f2,Kiyawa,JIG-KIY,"""2025-11-12T19:27:01.456Z"""
f6f31e5b-0381-486f-86bd-ec49e9a62cc7,ca19fb07-c29e-40ac-aeb2-28f1ca0417f2,Maigatari,JIG-MAI,"""2025-11-12T19:27:01.547Z"""
6b002f87-62c7-4881-a3ef-6e02be21bf15,ca19fb07-c29e-40ac-aeb2-28f1ca0417f2,Malam Madori,JIG-MAL,"""2025-11-12T19:27:01.639Z"""
58913593-5c8c-4b79-9f78-13a4f6b65b22,ca19fb07-c29e-40ac-aeb2-28f1ca0417f2,Miga,JIG-MIG,"""2025-11-12T19:27:01.730Z"""
c6807e1e-8518-40c8-a865-2b52fde8f9ac,ca19fb07-c29e-40ac-aeb2-28f1ca0417f2,Ringim,JIG-RIN,"""2025-11-12T19:27:01.820Z"""
ea6ce5df-2d9f-4bc9-a540-d96ab9424ed0,ca19fb07-c29e-40ac-aeb2-28f1ca0417f2,Roni,JIG-RON,"""2025-11-12T19:27:01.912Z"""
0411c603-010c-4d49-a97f-d2f705e17353,ca19fb07-c29e-40ac-aeb2-28f1ca0417f2,Sule-Tankarkar,JIG-SUL,"""2025-11-12T19:27:02.002Z"""
95f6691b-5432-47e9-8e65-e57b5310bd8d,ca19fb07-c29e-40ac-aeb2-28f1ca0417f2,Taura,JIG-TAU,"""2025-11-12T19:27:02.094Z"""
daa42e1e-db28-4882-95a4-d69df3b074e9,ca19fb07-c29e-40ac-aeb2-28f1ca0417f2,Yankwashi,JIG-YAN,"""2025-11-12T19:27:02.185Z"""
2648b56d-5051-4442-ba86-acbc1ecaedc4,bb52bc76-56c3-4f4f-b0b8-420781a7a1df,Bade,YOB-BAD,"""2025-11-12T19:27:02.321Z"""
a2a6a088-a17a-4de0-a3fe-cec497257536,bb52bc76-56c3-4f4f-b0b8-420781a7a1df,Bursari,YOB-BUR,"""2025-11-12T19:27:02.415Z"""
10ab2021-9733-4db6-98c3-d5f1e0f1ccd6,bb52bc76-56c3-4f4f-b0b8-420781a7a1df,Fika,YOB-FIK,"""2025-11-12T19:27:02.551Z"""
10fe26f0-1e7f-436f-bd08-e7118a6a26fa,bb52bc76-56c3-4f4f-b0b8-420781a7a1df,Fune,YOB-FUN,"""2025-11-12T19:27:02.664Z"""
60969bec-4a06-4591-9f41-303fc32c2b9a,bb52bc76-56c3-4f4f-b0b8-420781a7a1df,Geidam,YOB-GEI,"""2025-11-12T19:27:02.759Z"""
58cf2d93-e659-4bc8-8c31-4b02932ffe35,bb52bc76-56c3-4f4f-b0b8-420781a7a1df,Gujba,YOB-GUJ,"""2025-11-12T19:27:02.852Z"""
9f2db70f-d41b-462c-a337-d9bc08c76526,bb52bc76-56c3-4f4f-b0b8-420781a7a1df,Gulani,YOB-GUL,"""2025-11-12T19:27:02.942Z"""
fe958ff8-967b-4f29-997c-441f6785cd55,bb52bc76-56c3-4f4f-b0b8-420781a7a1df,Jakusko,YOB-JAK,"""2025-11-12T19:27:03.033Z"""
e45e9fb8-645e-4125-8153-1dac861e4a23,bb52bc76-56c3-4f4f-b0b8-420781a7a1df,Karasuwa,YOB-KAR,"""2025-11-12T19:27:03.123Z"""
2e88bad5-2303-4cc2-a179-1ca7e8c61c06,bb52bc76-56c3-4f4f-b0b8-420781a7a1df,Machina,YOB-MAC,"""2025-11-12T19:27:03.213Z"""
de594324-fed5-44ca-96fe-dc0d4a607fe7,bb52bc76-56c3-4f4f-b0b8-420781a7a1df,Nangere,YOB-NAN,"""2025-11-12T19:27:03.309Z"""
81382fcd-143d-4681-aabc-19c88246bcdc,bb52bc76-56c3-4f4f-b0b8-420781a7a1df,Nguru,YOB-NGU,"""2025-11-12T19:27:03.399Z"""
66641eef-1387-42e3-80d0-561ede677283,bb52bc76-56c3-4f4f-b0b8-420781a7a1df,Tarmua,YOB-TAR,"""2025-11-12T19:27:03.537Z"""
a4600b24-247b-426b-910b-ef4c96f7217a,bb52bc76-56c3-4f4f-b0b8-420781a7a1df,Yunusari,YOB-YUN,"""2025-11-12T19:27:03.629Z"""
31cf6318-071b-48d2-9acc-0876ec8a90de,bb52bc76-56c3-4f4f-b0b8-420781a7a1df,Yusufari,YOB-YUS,"""2025-11-12T19:27:03.720Z"""
fec53196-7ce0-4467-9179-214592d96887,2cfb838b-0dc8-42b5-9465-18c99844e48e,Bakori,KAT-BAK,"""2025-11-12T19:27:03.857Z"""
4f5223d9-ac44-4848-8b19-25089e5be9e6,2cfb838b-0dc8-42b5-9465-18c99844e48e,Batagarawa,KAT-BAT,"""2025-11-12T19:27:03.948Z"""
559768a6-bf26-4014-aa07-bdf3249f4a43,2cfb838b-0dc8-42b5-9465-18c99844e48e,Batsari,KAT-BATS,"""2025-11-12T19:27:04.041Z"""
8df77bc8-d733-46df-bfa1-8a7c7123bb8a,2cfb838b-0dc8-42b5-9465-18c99844e48e,Baure,KAT-BAU,"""2025-11-12T19:27:04.132Z"""
5a193031-9ac0-4968-b707-511d17d0662e,2cfb838b-0dc8-42b5-9465-18c99844e48e,Bindawa,KAT-BIN,"""2025-11-12T19:27:04.223Z"""
c7a63bd8-65ba-42ef-a501-645decbeaf56,2cfb838b-0dc8-42b5-9465-18c99844e48e,Charanchi,KAT-CHA,"""2025-11-12T19:27:04.316Z"""
2f922a76-cc59-4705-8ae8-3d5dfad532e8,2cfb838b-0dc8-42b5-9465-18c99844e48e,Dan Musa,KAT-DAN,"""2025-11-12T19:27:04.406Z"""
4a1669d5-d301-41c9-826c-e2105d6ba500,2cfb838b-0dc8-42b5-9465-18c99844e48e,Dandume,KAT-DAND,"""2025-11-12T19:27:04.497Z"""
9a6416ab-c47f-478d-b064-714a45458f37,2cfb838b-0dc8-42b5-9465-18c99844e48e,Danja,KAT-DANJ,"""2025-11-12T19:27:04.590Z"""
33a22054-3f85-4a25-8a35-4b9f93f27bf7,2cfb838b-0dc8-42b5-9465-18c99844e48e,Dutsi,KAT-DUT,"""2025-11-12T19:27:04.727Z"""
0d43e71f-38fa-4ab5-9837-cff4bcdec4c7,2cfb838b-0dc8-42b5-9465-18c99844e48e,Faskari,KAT-FAS,"""2025-11-12T19:27:04.862Z"""
c309141f-7433-4434-8da9-9ce14f6ae070,2cfb838b-0dc8-42b5-9465-18c99844e48e,Ingawa,KAT-ING,"""2025-11-12T19:27:04.998Z"""
ac3bd210-d7fa-4562-8947-d410ae219acd,2cfb838b-0dc8-42b5-9465-18c99844e48e,Jibia,KAT-JIB,"""2025-11-12T19:27:05.089Z"""
c53f79d0-c8f0-496b-878d-20ed01ca20d9,2cfb838b-0dc8-42b5-9465-18c99844e48e,Kafur,KAT-KAF,"""2025-11-12T19:27:05.190Z"""
e75b2c4e-5588-4d03-8269-ff22c92d3c8c,2cfb838b-0dc8-42b5-9465-18c99844e48e,Kaita,KAT-KAI,"""2025-11-12T19:27:05.281Z"""
382f8560-b54a-4387-af75-510e78048131,2cfb838b-0dc8-42b5-9465-18c99844e48e,Kankara,KAT-KAN,"""2025-11-12T19:27:05.373Z"""
20961460-1fe0-4fb5-86e3-cab7ba8f8dcf,2cfb838b-0dc8-42b5-9465-18c99844e48e,Kankia,KAT-KANK,"""2025-11-12T19:27:05.464Z"""
05c6571c-053e-40c5-a3f1-23641280d966,2cfb838b-0dc8-42b5-9465-18c99844e48e,Kurfi,KAT-KUR,"""2025-11-12T19:27:05.602Z"""
daff5c24-7af9-42ac-a032-0a3f997e577a,2cfb838b-0dc8-42b5-9465-18c99844e48e,Kusada,KAT-KUS,"""2025-11-12T19:27:05.694Z"""
8a34d136-9187-4a40-9be9-45b8e77ed43c,2cfb838b-0dc8-42b5-9465-18c99844e48e,Mai'adua,KAT-MAI,"""2025-11-12T19:27:05.786Z"""
3324f217-35c7-4724-83d2-2a4f0556318e,2cfb838b-0dc8-42b5-9465-18c99844e48e,Malumfashi,KAT-MAL,"""2025-11-12T19:27:05.877Z"""
0f5e0778-7fb2-4b3c-a3b9-8a9a45363d19,2cfb838b-0dc8-42b5-9465-18c99844e48e,Mani,KAT-MAN,"""2025-11-12T19:27:05.969Z"""
d6c3b7fe-1e54-4341-b80a-c4449e2d2a39,2cfb838b-0dc8-42b5-9465-18c99844e48e,Mashi,KAT-MAS,"""2025-11-12T19:27:06.061Z"""
358824e4-956d-47a4-8cf9-d493fccfc4d7,2cfb838b-0dc8-42b5-9465-18c99844e48e,Matazu,KAT-MAT,"""2025-11-12T19:27:06.152Z"""
3fc012d1-a7cd-4484-9fa0-7d11b13b2f6f,2cfb838b-0dc8-42b5-9465-18c99844e48e,Musawa,KAT-MUS,"""2025-11-12T19:27:06.244Z"""
753d26a4-f5dc-4e25-bb2a-833842d76094,2cfb838b-0dc8-42b5-9465-18c99844e48e,Rimi,KAT-RIM,"""2025-11-12T19:27:06.336Z"""
fdeb0642-e95e-46c1-8974-a33a20e07558,2cfb838b-0dc8-42b5-9465-18c99844e48e,Sabuwa,KAT-SAB,"""2025-11-12T19:27:06.427Z"""
84d76658-a774-4391-ba74-a6184e41b463,2cfb838b-0dc8-42b5-9465-18c99844e48e,Safana,KAT-SAF,"""2025-11-12T19:27:06.519Z"""
0cd438ba-09cc-4647-bac0-5680f2815a71,2cfb838b-0dc8-42b5-9465-18c99844e48e,Sandamu,KAT-SAN,"""2025-11-12T19:27:06.611Z"""
64514bd2-193a-47f5-a485-8424841b860f,2cfb838b-0dc8-42b5-9465-18c99844e48e,Zango,KAT-ZAN,"""2025-11-12T19:27:06.703Z"""
1e6c02bc-65ab-411a-a8a7-2cb8074928a3,324b5cae-ea0a-4b80-a804-c7bc972a1e0e,Barikin Ladi,PLA-BAR,"""2025-11-12T19:27:06.840Z"""
bc7190c9-37c8-4f83-98db-4b44e8d99499,324b5cae-ea0a-4b80-a804-c7bc972a1e0e,Bassa,PLA-BAS,"""2025-11-12T19:27:06.931Z"""
1903274e-dee0-4e89-8129-73bb781a2c62,324b5cae-ea0a-4b80-a804-c7bc972a1e0e,Bokkos,PLA-BOK,"""2025-11-12T19:27:07.024Z"""
e4096cac-4bf3-498b-80c0-e2bba97e4961,324b5cae-ea0a-4b80-a804-c7bc972a1e0e,Kanam,PLA-KAN,"""2025-11-12T19:27:07.250Z"""
3456c37c-ca5a-445b-83b0-07cfe3c4fdb0,324b5cae-ea0a-4b80-a804-c7bc972a1e0e,Kanke,PLA-KANK,"""2025-11-12T19:27:07.341Z"""
ae4ab4cd-80c6-4c68-a501-e59b940d478d,324b5cae-ea0a-4b80-a804-c7bc972a1e0e,Langtang North,PLA-LAN,"""2025-11-12T19:27:07.442Z"""
5078ea32-ea2f-4a0b-bf36-2c95be20b649,324b5cae-ea0a-4b80-a804-c7bc972a1e0e,Langtang South,PLA-LANG,"""2025-11-12T19:27:07.533Z"""
8ccfa544-bd5d-4627-8a5b-fca8cc90eb42,324b5cae-ea0a-4b80-a804-c7bc972a1e0e,Mangu,PLA-MAN,"""2025-11-12T19:27:07.625Z"""
20c72294-fb7a-444b-b260-c486a2bf8120,324b5cae-ea0a-4b80-a804-c7bc972a1e0e,Mikang,PLA-MIK,"""2025-11-12T19:27:07.715Z"""
a039aba6-7145-47e2-9576-61fa24529482,324b5cae-ea0a-4b80-a804-c7bc972a1e0e,Pankshin,PLA-PAN,"""2025-11-12T19:27:07.808Z"""
a722e1f7-31e2-4ac6-b6a3-4090a0ce3316,324b5cae-ea0a-4b80-a804-c7bc972a1e0e,Qua'an Pan,PLA-QUA,"""2025-11-12T19:27:07.899Z"""
359e0e3f-026e-4df6-a479-6eacdbd717e8,324b5cae-ea0a-4b80-a804-c7bc972a1e0e,Riyom,PLA-RIY,"""2025-11-12T19:27:07.990Z"""
700839c7-779d-4494-9f4e-ec8f5fd85406,324b5cae-ea0a-4b80-a804-c7bc972a1e0e,Shendam,PLA-SHE,"""2025-11-12T19:27:08.082Z"""
c46196d0-2248-490b-9369-192caa1a014e,324b5cae-ea0a-4b80-a804-c7bc972a1e0e,Wase,PLA-WAS,"""2025-11-12T19:27:08.173Z"""
1c53ad04-e3a0-4948-992f-36a7a3f9ba45,607131b5-b6ca-4c9c-a2e3-4de0eef69eb1,Binji,SOK-BIN,"""2025-11-12T19:27:08.311Z"""
cdf1f9e4-f516-4668-8de8-44db537cf2c6,607131b5-b6ca-4c9c-a2e3-4de0eef69eb1,Bodinga,SOK-BOD,"""2025-11-12T19:27:08.402Z"""
7b186bb5-f6eb-4096-a3fe-21a859080724,607131b5-b6ca-4c9c-a2e3-4de0eef69eb1,Dange-Shuni,SOK-DAN,"""2025-11-12T19:27:08.496Z"""
94244772-6e2f-4670-91ba-9789d2f0b73a,607131b5-b6ca-4c9c-a2e3-4de0eef69eb1,Gada,SOK-GAD,"""2025-11-12T19:27:08.587Z"""
9d6f893a-c7f6-413d-85e6-83bacea59c9a,607131b5-b6ca-4c9c-a2e3-4de0eef69eb1,Goronyo,SOK-GOR,"""2025-11-12T19:27:08.683Z"""
7a4f797f-3807-4bb7-b945-158088381698,607131b5-b6ca-4c9c-a2e3-4de0eef69eb1,Gudu,SOK-GUD,"""2025-11-12T19:27:08.775Z"""
f2c1c290-874d-41a6-af8e-b72d32c03bde,607131b5-b6ca-4c9c-a2e3-4de0eef69eb1,Gwadabawa,SOK-GWA,"""2025-11-12T19:27:08.867Z"""
364c1c8a-528a-4f69-8eeb-3afa4a48df72,607131b5-b6ca-4c9c-a2e3-4de0eef69eb1,Illela,SOK-ILL,"""2025-11-12T19:27:08.958Z"""
0ae22b90-49ab-4d11-932a-8333b8a3bdd7,607131b5-b6ca-4c9c-a2e3-4de0eef69eb1,Isa,SOK-ISA,"""2025-11-12T19:27:09.050Z"""
8ba1f374-6330-4642-b358-595cc0ae3943,607131b5-b6ca-4c9c-a2e3-4de0eef69eb1,Kebbe,SOK-KEB,"""2025-11-12T19:27:09.153Z"""
f5b8890c-512e-432c-9475-f158c554e226,607131b5-b6ca-4c9c-a2e3-4de0eef69eb1,Kware,SOK-KWA,"""2025-11-12T19:27:09.244Z"""
6a6dc375-7f79-4fa6-8007-86b17c32c621,607131b5-b6ca-4c9c-a2e3-4de0eef69eb1,Rabah,SOK-RAB,"""2025-11-12T19:27:09.336Z"""
df6926c4-6fad-42ec-afab-b6a96436f413,607131b5-b6ca-4c9c-a2e3-4de0eef69eb1,Sabon Birni,SOK-SAB,"""2025-11-12T19:27:09.428Z"""
99aa39f4-b472-464c-acbd-aff2899279ff,607131b5-b6ca-4c9c-a2e3-4de0eef69eb1,Shagari,SOK-SHA,"""2025-11-12T19:27:09.518Z"""
5337b205-108d-43c2-9cc2-0a4992983a21,607131b5-b6ca-4c9c-a2e3-4de0eef69eb1,Silame,SOK-SIL,"""2025-11-12T19:27:09.609Z"""
d475cb3e-4bf7-44d4-b141-91d4a2fcc1a2,607131b5-b6ca-4c9c-a2e3-4de0eef69eb1,Tambuwal,SOK-TAM,"""2025-11-12T19:27:09.789Z"""
8cf9eef9-1ff8-4527-b6f8-5c5e27d92f30,607131b5-b6ca-4c9c-a2e3-4de0eef69eb1,Tangaza,SOK-TAN,"""2025-11-12T19:27:09.884Z"""
78260750-b1e4-40e0-b723-4701a53ed5a6,607131b5-b6ca-4c9c-a2e3-4de0eef69eb1,Tureta,SOK-TUR,"""2025-11-12T19:27:09.975Z"""
ceb014e3-4808-49d3-9455-3a42eb4eca9d,607131b5-b6ca-4c9c-a2e3-4de0eef69eb1,Wurno,SOK-WUR,"""2025-11-12T19:27:10.108Z"""
b496e37b-b647-46f3-9b33-dcfb284bfa2b,607131b5-b6ca-4c9c-a2e3-4de0eef69eb1,Yabo,SOK-YAB,"""2025-11-12T19:27:10.199Z"""
2a1dcf04-470a-4992-8b4a-1b91384d2185,e4c7bf25-eab5-4471-9dd1-5b8a732f227d,Birnin-Gwari,KAD-BIR,"""2025-11-12T19:27:10.333Z"""
430f9f26-6bbc-4b0c-bfdb-c9e12f030325,e4c7bf25-eab5-4471-9dd1-5b8a732f227d,Giwa,KAD-GIW,"""2025-11-12T19:27:10.468Z"""
89a6c89d-0de1-4ba6-9d80-ace4cc9775da,e4c7bf25-eab5-4471-9dd1-5b8a732f227d,Igabi,KAD-IGA,"""2025-11-12T19:27:10.559Z"""
f64be8e1-52eb-4000-b5a6-c9a0a5636bf8,e4c7bf25-eab5-4471-9dd1-5b8a732f227d,Ikara,KAD-IKA,"""2025-11-12T19:27:10.650Z"""
bba27dc8-6fe3-44a4-b23a-0e424fc824c1,e4c7bf25-eab5-4471-9dd1-5b8a732f227d,Jaba,KAD-JAB,"""2025-11-12T19:27:10.741Z"""
0c6706b5-efc7-4558-a20f-7a5140448b73,e4c7bf25-eab5-4471-9dd1-5b8a732f227d,Jema'a,KAD-JEM,"""2025-11-12T19:27:10.832Z"""
1f1edcb1-e4ff-4f08-b408-5968c4c147c2,e4c7bf25-eab5-4471-9dd1-5b8a732f227d,Kachia,KAD-KAC,"""2025-11-12T19:27:10.924Z"""
f2ed6888-6434-411d-aeca-979b7db0b05e,e4c7bf25-eab5-4471-9dd1-5b8a732f227d,Kagarko,KAD-KAG,"""2025-11-12T19:27:11.110Z"""
4b9f4cb9-90ef-4cb0-8722-0f5ee6ef5cc2,e4c7bf25-eab5-4471-9dd1-5b8a732f227d,Kajuru,KAD-KAJ,"""2025-11-12T19:27:11.207Z"""
c55be14a-580d-4d85-9225-ee8f630a6e2a,e4c7bf25-eab5-4471-9dd1-5b8a732f227d,Kaura,KAD-KAU,"""2025-11-12T19:27:11.299Z"""
2dcec124-e882-47f4-b196-d39ff943a7a5,e4c7bf25-eab5-4471-9dd1-5b8a732f227d,Kauru,KAD-KAUR,"""2025-11-12T19:27:11.391Z"""
505c2dc6-a410-44f9-a9d4-fc2e9a6197c2,e4c7bf25-eab5-4471-9dd1-5b8a732f227d,Kubau,KAD-KUB,"""2025-11-12T19:27:11.482Z"""
a79fcd71-d3f9-4943-9c4e-704531829e41,e4c7bf25-eab5-4471-9dd1-5b8a732f227d,Kudan,KAD-KUD,"""2025-11-12T19:27:11.573Z"""
d71f2005-4acb-434a-91fa-0f43dc7d0c9e,e4c7bf25-eab5-4471-9dd1-5b8a732f227d,Lere,KAD-LER,"""2025-11-12T19:27:11.675Z"""
d5f7745d-f9d6-43a6-a619-6f4aba24445b,e4c7bf25-eab5-4471-9dd1-5b8a732f227d,Markafi,KAD-MAR,"""2025-11-12T19:27:11.765Z"""
10fd5cbc-ae79-482f-b36c-63a2b9f628c9,e4c7bf25-eab5-4471-9dd1-5b8a732f227d,Sabon-Gari,KAD-SAB,"""2025-11-12T19:27:11.856Z"""
ba6d3f6b-6661-452b-82a4-bc6146972409,e4c7bf25-eab5-4471-9dd1-5b8a732f227d,Sanga,KAD-SAN,"""2025-11-12T19:27:11.949Z"""
7b57952e-0988-4834-a860-c15abd1273f1,e4c7bf25-eab5-4471-9dd1-5b8a732f227d,Soba,KAD-SOB,"""2025-11-12T19:27:12.051Z"""
d3650f5f-2299-4f79-9232-8fb1fd8bbe88,e4c7bf25-eab5-4471-9dd1-5b8a732f227d,Zango-Kataf,KAD-ZAN,"""2025-11-12T19:27:12.143Z"""
778b4929-e776-47c2-9ca8-8f71f798f6ab,a21ce9b4-add7-4326-aac4-0308d9eaaa01,Ekeremor,BAY-EKE,"""2025-11-12T19:27:12.369Z"""
5769add6-55c6-468c-a486-6457b0578edb,a21ce9b4-add7-4326-aac4-0308d9eaaa01,Kolokuma/Opokuma,BAY-KOL,"""2025-11-12T19:27:12.461Z"""
453983c7-73a6-4871-8c98-c5b3c3378e6d,a21ce9b4-add7-4326-aac4-0308d9eaaa01,Nembe,BAY-NEM,"""2025-11-12T19:27:12.553Z"""
60a38227-7104-4d3f-9e88-bc952dd5f4dd,a21ce9b4-add7-4326-aac4-0308d9eaaa01,Ogbia,BAY-OGB,"""2025-11-12T19:27:12.644Z"""
7eb5d92a-8654-410f-878b-90e1c2417112,a21ce9b4-add7-4326-aac4-0308d9eaaa01,Southern Ijaw,BAY-SOU,"""2025-11-12T19:27:12.781Z"""
4452cd7e-4ff4-4c13-ab5b-253a452eead3,a21ce9b4-add7-4326-aac4-0308d9eaaa01,Yenegoa,BAY-YEN,"""2025-11-12T19:27:12.873Z"""
34c5216f-d6c6-457b-a564-d8d6837dd00d,744acf2a-539c-4def-9a48-e788e719b82a,Demsa,ADA-DEM,"""2025-11-12T19:27:13.011Z"""
f00147a5-4e38-449c-b1be-dac37d23c67f,744acf2a-539c-4def-9a48-e788e719b82a,Fufore,ADA-FUF,"""2025-11-12T19:27:13.103Z"""
5afc51e1-4365-47dd-8153-c9848e72dd2e,744acf2a-539c-4def-9a48-e788e719b82a,Ganye,ADA-GAN,"""2025-11-12T19:27:13.196Z"""
28e17840-e234-46fe-b20e-53a91c769c7c,744acf2a-539c-4def-9a48-e788e719b82a,Girei,ADA-GIR,"""2025-11-12T19:27:13.289Z"""
ac32038b-03bf-4a76-a9de-ce9efbc54b66,744acf2a-539c-4def-9a48-e788e719b82a,Gombi,ADA-GOM,"""2025-11-12T19:27:13.381Z"""
cf6f753d-dd10-4e8a-9040-c3a7e5df486f,744acf2a-539c-4def-9a48-e788e719b82a,Guyuk,ADA-GUY,"""2025-11-12T19:27:13.472Z"""
b2abb3b9-ff24-4521-b210-941ac7f45164,744acf2a-539c-4def-9a48-e788e719b82a,Hong,ADA-HON,"""2025-11-12T19:27:13.563Z"""
9b174d86-9a44-4e13-9e42-57fe172e3ced,744acf2a-539c-4def-9a48-e788e719b82a,Jada,ADA-JAD,"""2025-11-12T19:27:13.654Z"""
fd363899-3573-422a-9f18-2b80dd77a2a9,744acf2a-539c-4def-9a48-e788e719b82a,Lamurde,ADA-LAM,"""2025-11-12T19:27:13.745Z"""
b778f7df-ce73-4c11-8bb6-7c7c4e104fb4,744acf2a-539c-4def-9a48-e788e719b82a,Madagali,ADA-MAD,"""2025-11-12T19:27:13.836Z"""
ada3ad7d-327f-422f-b4d8-486e12fc041b,744acf2a-539c-4def-9a48-e788e719b82a,Maiha,ADA-MAI,"""2025-11-12T19:27:13.926Z"""
1c6ffc8f-9920-4645-bdbf-1e3595067ffb,744acf2a-539c-4def-9a48-e788e719b82a,Mayo-Belwa,ADA-MAY,"""2025-11-12T19:27:14.017Z"""
64a59178-b4bf-4fd3-8f5a-4e7875f29917,744acf2a-539c-4def-9a48-e788e719b82a,Michika,ADA-MIC,"""2025-11-12T19:27:14.110Z"""
b05a886d-7a22-4363-aace-dfc772ca659e,744acf2a-539c-4def-9a48-e788e719b82a,Mubi South,ADA-MUB,"""2025-11-12T19:27:14.258Z"""
54571cdb-c9bf-4e8d-9f81-762ffffdf03e,744acf2a-539c-4def-9a48-e788e719b82a,Numan,ADA-NUM,"""2025-11-12T19:27:14.349Z"""
e7c35d1a-e001-4927-9350-d2c4ee4b1e78,744acf2a-539c-4def-9a48-e788e719b82a,Shelleng,ADA-SHE,"""2025-11-12T19:27:14.443Z"""
1078dd1e-42d9-4aba-a7c7-b280ffad86a1,744acf2a-539c-4def-9a48-e788e719b82a,Song,ADA-SON,"""2025-11-12T19:27:14.534Z"""
7b41150b-cb70-415c-9233-5fa2081ddc36,744acf2a-539c-4def-9a48-e788e719b82a,Toungo,ADA-TOU,"""2025-11-12T19:27:14.623Z"""